id_student,rank,module,hybrid_score,content_score,markov_score,cf_score,method_used,explanation
29411,1,FFF,0.9446,0.9776,0.4458,1.0,Content+Markov+CF,FFF: matches your academic profile; commonly chosen next by students with similar outcomes; popular among students with similar study patterns.
29411,2,CCC,0.8482,0.0,0.4458,0.8929,Markov+CF,CCC: commonly chosen next by students with similar outcomes; popular among students with similar study patterns.
29411,3,EEE,0.2131,1.0,1.0,0.1257,Content+Markov+CF,EEE: matches your academic profile; commonly chosen next by students with similar outcomes.
35355,1,FFF,1.0,0.8976,1.0,1.0,Content+Markov+CF,FFF: matches your academic profile; commonly chosen next by students with similar outcomes; popular among students with similar study patterns.
35355,2,CCC,0.7169,0.8834,1.0,0.6854,Content+Markov+CF,CCC: matches your academic profile; commonly chosen next by students with similar outcomes; popular among students with similar study patterns.
35355,3,DDD,0.0944,0.8555,0.9444,0.0,Content+Markov,DDD: matches your academic profile; commonly chosen next by students with similar outcomes.
36385,1,AAA,0.9003,0.8507,0.0027,1.0,Content+Markov+CF,AAA: matches your academic profile; popular among students with similar study patterns.
36385,2,DDD,0.1,0.0,1.0,0.0,Markov,DDD: commonly chosen next by students with similar outcomes.
36385,3,CCC,0.0154,0.0,0.1538,0.0,Markov,CCC: recommended based on available signals.
42638,1,CCC,0.9022,0.8735,0.0222,1.0,Content+Markov+CF,CCC: matches your academic profile; popular among students with similar study patterns.
42638,2,FFF,0.7029,0.9214,0.9556,0.6748,Content+Markov+CF,FFF: matches your academic profile; commonly chosen next by students with similar outcomes; popular among students with similar study patterns.
42638,3,DDD,0.6121,0.888,1.0,0.569,Content+Markov+CF,DDD: matches your academic profile; commonly chosen next by students with similar outcomes; popular among students with similar study patterns.
45664,1,FFF,0.9446,0.9209,0.4458,1.0,Content+Markov+CF,FFF: matches your academic profile; commonly chosen next by students with similar outcomes; popular among students with similar study patterns.
45664,2,BBB,0.7769,0.9166,0.0031,0.8629,Content+Markov+CF,BBB: matches your academic profile; popular among students with similar study patterns.
45664,3,GGG,0.2757,1.0,0.0031,0.306,Content+Markov+CF,GGG: matches your academic profile; popular among students with similar study patterns.
50263,1,EEE,0.1,0.9788,1.0,0.0,Content+Markov,EEE: matches your academic profile; commonly chosen next by students with similar outcomes.
50263,2,CCC,0.0446,0.0,0.4458,0.0,Markov,CCC: commonly chosen next by students with similar outcomes.
50263,3,DDD,0.0421,0.0,0.4211,0.0,Markov,DDD: commonly chosen next by students with similar outcomes.
54062,1,CCC,1.0,0.0,1.0,1.0,Markov+CF,CCC: commonly chosen next by students with similar outcomes; popular among students with similar study patterns.
54062,2,FFF,0.1853,0.9247,1.0,0.0948,Content+Markov+CF,FFF: matches your academic profile; commonly chosen next by students with similar outcomes.
54062,3,DDD,0.0944,0.0,0.9444,0.0,Markov,DDD: commonly chosen next by students with similar outcomes.
63112,1,CCC,0.9137,0.0,0.1374,1.0,Markov+CF,CCC: popular among students with similar study patterns.
63112,2,FFF,0.1,0.935,1.0,0.0,Content+Markov,FFF: matches your academic profile; commonly chosen next by students with similar outcomes.
63112,3,DDD,0.0038,0.0,0.0383,0.0,Markov,DDD: recommended based on available signals.
69489,1,CCC,0.1,0.0,1.0,0.0,Markov,CCC: commonly chosen next by students with similar outcomes.
69489,2,DDD,0.0766,0.0,0.766,0.0,Markov,DDD: commonly chosen next by students with similar outcomes.
69489,3,FFF,0.017,1.0,0.1702,0.0,Content+Markov,FFF: matches your academic profile.
70495,1,BBB,0.9008,0.9286,0.0079,1.0,Content+Markov+CF,BBB: matches your academic profile; popular among students with similar study patterns.
70495,2,EEE,0.1,0.9612,1.0,0.0,Content+Markov,EEE: matches your academic profile; commonly chosen next by students with similar outcomes.
70495,3,GGG,0.0652,1.0,0.0079,0.0716,Content+Markov+CF,GGG: matches your academic profile.
80329,1,EEE,0.9034,0.983,0.0343,1.0,Content+Markov+CF,EEE: matches your academic profile; popular among students with similar study patterns.
80329,2,CCC,0.5617,0.9426,1.0,0.513,Content+Markov+CF,CCC: matches your academic profile; commonly chosen next by students with similar outcomes; popular among students with similar study patterns.
80329,3,BBB,0.4139,0.9592,0.0093,0.4589,Content+Markov+CF,BBB: matches your academic profile; popular among students with similar study patterns.
80868,1,FFF,0.9339,0.9346,0.3386,1.0,Content+Markov+CF,FFF: matches your academic profile; commonly chosen next by students with similar outcomes; popular among students with similar study patterns.
80868,2,EEE,0.2538,0.976,1.0,0.1709,Content+Markov+CF,EEE: matches your academic profile; commonly chosen next by students with similar outcomes.
80868,3,BBB,0.065,0.9394,0.0079,0.0713,Content+Markov+CF,BBB: matches your academic profile.
86047,1,CCC,0.9446,0.0,0.4458,1.0,Markov+CF,CCC: commonly chosen next by students with similar outcomes; popular among students with similar study patterns.
86047,2,EEE,0.2842,0.9634,1.0,0.2047,Content+Markov+CF,EEE: matches your academic profile; commonly chosen next by students with similar outcomes.
86047,3,GGG,0.272,1.0,0.0031,0.3019,Content+Markov+CF,GGG: matches your academic profile; popular among students with similar study patterns.
100788,1,GGG,0.9036,1.0,0.0357,1.0,Content+Markov+CF,GGG: matches your academic profile; popular among students with similar study patterns.
100788,2,BBB,0.4074,0.9176,0.0357,0.4487,Content+Markov+CF,BBB: matches your academic profile; popular among students with similar study patterns.
100788,3,CCC,0.1995,0.0,0.0357,0.2177,Markov+CF,CCC: recommended based on available signals.
105168,1,CCC,0.9032,0.0,0.0323,1.0,Markov+CF,CCC: popular among students with similar study patterns.
105168,2,DDD,0.6394,0.0,0.8387,0.6172,Markov+CF,DDD: commonly chosen next by students with similar outcomes; popular among students with similar study patterns.
105168,3,FFF,0.4909,0.931,1.0,0.4343,Content+Markov+CF,FFF: matches your academic profile; commonly chosen next by students with similar outcomes; popular among students with similar study patterns.
105523,1,FFF,0.9339,0.9409,0.3386,1.0,Content+Markov+CF,FFF: matches your academic profile; commonly chosen next by students with similar outcomes; popular among students with similar study patterns.
105523,2,CCC,0.1595,0.0,0.0079,0.1764,Markov+CF,CCC: recommended based on available signals.
105523,3,BBB,0.1043,0.9439,0.0079,0.115,Content+Markov+CF,BBB: matches your academic profile.
107028,1,CCC,0.9446,0.0,0.4458,1.0,Markov+CF,CCC: commonly chosen next by students with similar outcomes; popular among students with similar study patterns.
107028,2,BBB,0.5957,1.0,0.0031,0.6615,Content+Markov+CF,BBB: matches your academic profile; popular among students with similar study patterns.
107028,3,DDD,0.4987,0.0,0.4211,0.5073,Markov+CF,DDD: commonly chosen next by students with similar outcomes; popular among students with similar study patterns.
117232,1,CCC,0.9008,0.8912,0.0079,1.0,Content+Markov+CF,CCC: matches your academic profile; popular among students with similar study patterns.
117232,2,GGG,0.773,1.0,0.0079,0.858,Content+Markov+CF,GGG: matches your academic profile; popular among students with similar study patterns.
117232,3,BBB,0.1757,0.9394,0.0079,0.1944,Content+Markov+CF,BBB: matches your academic profile.
123598,1,CCC,0.9008,0.0,0.0079,1.0,Markov+CF,CCC: popular among students with similar study patterns.
123598,2,AAA,0.6266,0.9919,0.0079,0.6953,Content+Markov+CF,AAA: matches your academic profile; popular among students with similar study patterns.
123598,3,EEE,0.1,1.0,1.0,0.0,Content+Markov,EEE: matches your academic profile; commonly chosen next by students with similar outcomes.
126394,1,BBB,0.9008,0.9431,0.0079,1.0,Content+Markov+CF,BBB: matches your academic profile; popular among students with similar study patterns.
126394,2,FFF,0.1412,0.9376,0.3386,0.1193,Content+Markov+CF,FFF: matches your academic profile; commonly chosen next by students with similar outcomes.
126394,3,EEE,0.1,0.9726,1.0,0.0,Content+Markov,EEE: matches your academic profile; commonly chosen next by students with similar outcomes.
126812,1,AAA,0.9003,0.9391,0.0031,1.0,Content+Markov+CF,AAA: matches your academic profile; popular among students with similar study patterns.
126812,2,EEE,0.1,1.0,1.0,0.0,Content+Markov,EEE: matches your academic profile; commonly chosen next by students with similar outcomes.
126812,3,CCC,0.0446,0.0,0.4458,0.0,Markov,CCC: commonly chosen next by students with similar outcomes.
130671,1,BBB,0.9003,0.9663,0.0031,1.0,Content+Markov+CF,BBB: matches your academic profile; popular among students with similar study patterns.
130671,2,FFF,0.7846,0.9746,0.4458,0.8222,Content+Markov+CF,FFF: matches your academic profile; commonly chosen next by students with similar outcomes; popular among students with similar study patterns.
130671,3,CCC,0.3641,0.0,0.4458,0.355,Markov+CF,CCC: commonly chosen next by students with similar outcomes; popular among students with similar study patterns.
131145,1,BBB,0.9036,0.9423,0.0357,1.0,Content+Markov+CF,BBB: matches your academic profile; popular among students with similar study patterns.
131145,2,EEE,0.1,0.9699,1.0,0.0,Content+Markov,EEE: matches your academic profile; commonly chosen next by students with similar outcomes.
131145,3,FFF,0.075,0.9364,0.75,0.0,Content+Markov,FFF: matches your academic profile; commonly chosen next by students with similar outcomes.
134025,1,EEE,1.0,0.9608,1.0,1.0,Content+Markov+CF,EEE: matches your academic profile; commonly chosen next by students with similar outcomes; popular among students with similar study patterns.
134025,2,BBB,0.7813,0.9203,0.0031,0.8678,Content+Markov+CF,BBB: matches your academic profile; popular among students with similar study patterns.
134025,3,GGG,0.543,1.0,0.0031,0.603,Content+Markov+CF,GGG: matches your academic profile; popular among students with similar study patterns.
134982,1,CCC,1.0,0.0,1.0,1.0,Markov+CF,CCC: commonly chosen next by students with similar outcomes; popular among students with similar study patterns.
134982,2,FFF,0.2696,0.9857,1.0,0.1884,Content+Markov+CF,FFF: matches your academic profile; commonly chosen next by students with similar outcomes.
134982,3,DDD,0.267,0.0,0.9444,0.1917,Markov+CF,DDD: commonly chosen next by students with similar outcomes.
139190,1,BBB,0.9003,0.9836,0.0031,1.0,Content+Markov+CF,BBB: matches your academic profile; popular among students with similar study patterns.
139190,2,EEE,0.1,1.0,1.0,0.0,Content+Markov,EEE: matches your academic profile; commonly chosen next by students with similar outcomes.
139190,3,CCC,0.0446,0.0,0.4458,0.0,Markov,CCC: commonly chosen next by students with similar outcomes.
155298,1,BBB,0.9008,0.9417,0.0079,1.0,Content+Markov+CF,BBB: matches your academic profile; popular among students with similar study patterns.
155298,2,GGG,0.2097,1.0,0.0079,0.2321,Content+Markov+CF,GGG: matches your academic profile.
155298,3,EEE,0.1,0.9677,1.0,0.0,Content+Markov,EEE: matches your academic profile; commonly chosen next by students with similar outcomes.
156788,1,CCC,0.9137,0.0,0.1374,1.0,Markov+CF,CCC: popular among students with similar study patterns.
156788,2,EEE,0.7279,0.9577,0.0224,0.8063,Content+Markov+CF,EEE: matches your academic profile; popular among students with similar study patterns.
156788,3,FFF,0.1,1.0,1.0,0.0,Content+Markov,FFF: matches your academic profile; commonly chosen next by students with similar outcomes.
160536,1,CCC,0.9022,0.0,0.0222,1.0,Markov+CF,CCC: popular among students with similar study patterns.
160536,2,FFF,0.4874,0.9739,0.9556,0.4354,Content+Markov+CF,FFF: matches your academic profile; commonly chosen next by students with similar outcomes; popular among students with similar study patterns.
160536,3,DDD,0.1,0.0,1.0,0.0,Markov,DDD: commonly chosen next by students with similar outcomes.
163067,1,GGG,0.9003,0.9425,0.0031,1.0,Content+Markov+CF,GGG: matches your academic profile; popular among students with similar study patterns.
163067,2,BBB,0.5777,0.937,0.0031,0.6416,Content+Markov+CF,BBB: matches your academic profile; popular among students with similar study patterns.
163067,3,FFF,0.5004,0.9442,0.4458,0.5065,Content+Markov+CF,FFF: matches your academic profile; commonly chosen next by students with similar outcomes; popular among students with similar study patterns.
164968,1,FFF,1.0,0.9238,1.0,1.0,Content+Markov+CF,FFF: matches your academic profile; commonly chosen next by students with similar outcomes; popular among students with similar study patterns.
164968,2,DDD,0.2625,0.895,0.8387,0.1985,Content+Markov+CF,DDD: matches your academic profile; commonly chosen next by students with similar outcomes.
164968,3,AAA,0.0032,0.9216,0.0323,0.0,Content+Markov,AAA: matches your academic profile.
165733,1,CCC,0.9446,0.0,0.4458,1.0,Markov+CF,CCC: commonly chosen next by students with similar outcomes; popular among students with similar study patterns.
165733,2,FFF,0.4895,0.8402,0.4458,0.4943,Content+Markov+CF,FFF: matches your academic profile; commonly chosen next by students with similar outcomes; popular among students with similar study patterns.
165733,3,EEE,0.245,0.9223,1.0,0.1611,Content+Markov+CF,EEE: matches your academic profile; commonly chosen next by students with similar outcomes.
171896,1,FFF,0.9446,0.9245,0.4458,1.0,Content+Markov+CF,FFF: matches your academic profile; commonly chosen next by students with similar outcomes; popular among students with similar study patterns.
171896,2,BBB,0.4826,0.92,0.0031,0.5359,Content+Markov+CF,BBB: matches your academic profile; popular among students with similar study patterns.
171896,3,CCC,0.4476,0.0,0.4458,0.4478,Markov+CF,CCC: commonly chosen next by students with similar outcomes; popular among students with similar study patterns.
172965,1,CCC,0.9409,0.9139,1.0,0.9343,Content+Markov+CF,CCC: matches your academic profile; commonly chosen next by students with similar outcomes; popular among students with similar study patterns.
172965,2,FFF,0.9006,0.9081,0.0062,1.0,Content+Markov+CF,FFF: matches your academic profile; popular among students with similar study patterns.
172965,3,BBB,0.7779,0.9154,0.0093,0.8633,Content+Markov+CF,BBB: matches your academic profile; popular among students with similar study patterns.
178258,1,DDD,1.0,0.9057,1.0,1.0,Content+Markov+CF,DDD: matches your academic profile; commonly chosen next by students with similar outcomes; popular among students with similar study patterns.
178258,2,EEE,0.6278,0.9003,0.0302,0.6942,Content+Markov+CF,EEE: matches your academic profile; popular among students with similar study patterns.
178258,3,CCC,0.1431,1.0,0.1538,0.1419,Content+Markov+CF,CCC: matches your academic profile.
179904,1,EEE,1.0,0.9729,1.0,1.0,Content+Markov+CF,EEE: matches your academic profile; commonly chosen next by students with similar outcomes; popular among students with similar study patterns.
179904,2,CCC,0.8141,0.0,0.0073,0.9037,Markov+CF,CCC: popular among students with similar study patterns.
179904,3,FFF,0.0226,0.9657,0.2263,0.0,Content+Markov,FFF: matches your academic profile.
185127,1,CCC,0.9008,0.8784,0.0079,1.0,Content+Markov+CF,CCC: matches your academic profile; popular among students with similar study patterns.
185127,2,EEE,0.87,0.9653,1.0,0.8556,Content+Markov+CF,EEE: matches your academic profile; commonly chosen next by students with similar outcomes; popular among students with similar study patterns.
185127,3,FFF,0.0339,0.9228,0.3386,0.0,Content+Markov,FFF: matches your academic profile; commonly chosen next by students with similar outcomes.
188273,1,BBB,0.9022,0.93,0.0222,1.0,Content+Markov+CF,BBB: matches your academic profile; popular among students with similar study patterns.
188273,2,FFF,0.6295,0.923,0.9556,0.5933,Content+Markov+CF,FFF: matches your academic profile; commonly chosen next by students with similar outcomes; popular among students with similar study patterns.
188273,3,CCC,0.5092,0.8752,0.0222,0.5633,Content+Markov+CF,CCC: matches your academic profile; popular among students with similar study patterns.
189624,1,FFF,0.9339,0.9586,0.3386,1.0,Content+Markov+CF,FFF: matches your academic profile; commonly chosen next by students with similar outcomes; popular among students with similar study patterns.
189624,2,CCC,0.3706,0.0,0.0079,0.4109,Markov+CF,CCC: popular among students with similar study patterns.
189624,3,BBB,0.3206,0.9594,0.0079,0.3554,Content+Markov+CF,BBB: matches your academic profile; popular among students with similar study patterns.
191000,1,GGG,0.9017,1.0,0.0172,1.0,Content+Markov+CF,GGG: matches your academic profile; popular among students with similar study patterns.
191000,2,CCC,0.702,0.0,1.0,0.6689,Markov+CF,CCC: commonly chosen next by students with similar outcomes; popular among students with similar study patterns.
191000,3,FFF,0.6055,0.8645,0.0345,0.6689,Content+Markov+CF,FFF: matches your academic profile; popular among students with similar study patterns.
197486,1,FFF,1.0,0.9404,1.0,1.0,Content+Markov+CF,FFF: matches your academic profile; commonly chosen next by students with similar outcomes; popular among students with similar study patterns.
197486,2,GGG,0.7401,1.0,0.0069,0.8216,Content+Markov+CF,GGG: matches your academic profile; popular among students with similar study patterns.
197486,3,CCC,0.7334,0.0,1.0,0.7038,Markov+CF,CCC: commonly chosen next by students with similar outcomes; popular among students with similar study patterns.
203707,1,EEE,1.0,0.9848,1.0,1.0,Content+Markov+CF,EEE: matches your academic profile; commonly chosen next by students with similar outcomes; popular among students with similar study patterns.
203707,2,GGG,0.8358,0.9278,0.0031,0.9283,Content+Markov+CF,GGG: matches your academic profile; popular among students with similar study patterns.
203707,3,BBB,0.7757,1.0,0.0031,0.8616,Content+Markov+CF,BBB: matches your academic profile; popular among students with similar study patterns.
206599,1,DDD,0.919,0.9016,0.1898,1.0,Content+Markov+CF,DDD: matches your academic profile; popular among students with similar study patterns.
206599,2,AAA,0.2276,0.9294,0.0073,0.2521,Content+Markov+CF,AAA: matches your academic profile.
206599,3,EEE,0.1,0.9627,1.0,0.0,Content+Markov,EEE: matches your academic profile; commonly chosen next by students with similar outcomes.
232078,1,EEE,0.9052,0.9221,0.0517,1.0,Content+Markov+CF,EEE: matches your academic profile; popular among students with similar study patterns.
232078,2,CCC,0.1,0.0,1.0,0.0,Markov,CCC: commonly chosen next by students with similar outcomes.
232078,3,FFF,0.0034,0.8474,0.0345,0.0,Content+Markov,FFF: matches your academic profile.
234068,1,CCC,0.9007,0.0,0.0073,1.0,Markov+CF,CCC: popular among students with similar study patterns.
234068,2,BBB,0.4426,0.9805,0.0073,0.491,Content+Markov+CF,BBB: matches your academic profile; popular among students with similar study patterns.
234068,3,EEE,0.1,0.9771,1.0,0.0,Content+Markov,EEE: matches your academic profile; commonly chosen next by students with similar outcomes.
234311,1,BBB,0.9032,0.9216,0.0323,1.0,Content+Markov+CF,BBB: matches your academic profile; popular among students with similar study patterns.
234311,2,GGG,0.8494,1.0,0.0323,0.9402,Content+Markov+CF,GGG: matches your academic profile; popular among students with similar study patterns.
234311,3,FFF,0.4492,0.9158,1.0,0.388,Content+Markov+CF,FFF: matches your academic profile; commonly chosen next by students with similar outcomes; popular among students with similar study patterns.
234740,1,EEE,1.0,0.9563,1.0,1.0,Content+Markov+CF,EEE: matches your academic profile; commonly chosen next by students with similar outcomes; popular among students with similar study patterns.
234740,2,BBB,0.6344,0.9035,0.0031,0.7046,Content+Markov+CF,BBB: matches your academic profile; popular among students with similar study patterns.
234740,3,GGG,0.3908,1.0,0.0031,0.4339,Content+Markov+CF,GGG: matches your academic profile; popular among students with similar study patterns.
236620,1,CCC,0.9008,0.8706,0.0079,1.0,Content+Markov+CF,CCC: matches your academic profile; popular among students with similar study patterns.
236620,2,EEE,0.2506,0.9628,1.0,0.1673,Content+Markov+CF,EEE: matches your academic profile; commonly chosen next by students with similar outcomes.
236620,3,FFF,0.0339,0.9259,0.3386,0.0,Content+Markov,FFF: matches your academic profile; commonly chosen next by students with similar outcomes.
242778,1,DDD,0.9839,0.0,0.8387,1.0,Markov+CF,DDD: commonly chosen next by students with similar outcomes; popular among students with similar study patterns.
242778,2,FFF,0.1,0.8796,1.0,0.0,Content+Markov,FFF: matches your academic profile; commonly chosen next by students with similar outcomes.
242778,3,AAA,0.0032,0.8527,0.0323,0.0,Content+Markov,AAA: matches your academic profile.
242858,1,CCC,0.9022,0.8799,0.0222,1.0,Content+Markov+CF,CCC: matches your academic profile; popular among students with similar study patterns.
242858,2,FFF,0.2603,0.9163,0.9556,0.1831,Content+Markov+CF,FFF: matches your academic profile; commonly chosen next by students with similar outcomes.
242858,3,DDD,0.1918,0.8802,1.0,0.102,Content+Markov+CF,DDD: matches your academic profile; commonly chosen next by students with similar outcomes.
244738,1,BBB,0.9036,0.9245,0.0357,1.0,Content+Markov+CF,BBB: matches your academic profile; popular among students with similar study patterns.
244738,2,CCC,0.5979,0.8726,0.0357,0.6604,Content+Markov+CF,CCC: matches your academic profile; popular among students with similar study patterns.
244738,3,EEE,0.1,0.9591,1.0,0.0,Content+Markov,EEE: matches your academic profile; commonly chosen next by students with similar outcomes.
245494,1,DDD,0.9944,0.0,0.9444,1.0,Markov+CF,DDD: commonly chosen next by students with similar outcomes; popular among students with similar study patterns.
245494,2,AAA,0.2369,0.9388,0.0069,0.2625,Content+Markov+CF,AAA: matches your academic profile.
245494,3,CCC,0.1,0.0,1.0,0.0,Markov,CCC: commonly chosen next by students with similar outcomes.
258042,1,FFF,0.9446,0.8989,0.4458,1.0,Content+Markov+CF,FFF: matches your academic profile; commonly chosen next by students with similar outcomes; popular among students with similar study patterns.
258042,2,CCC,0.3627,0.0,0.4458,0.3535,Markov+CF,CCC: commonly chosen next by students with similar outcomes; popular among students with similar study patterns.
258042,3,GGG,0.2417,1.0,0.0031,0.2682,Content+Markov+CF,GGG: matches your academic profile.
266558,1,EEE,1.0,0.9981,1.0,1.0,Content+Markov+CF,EEE: matches your academic profile; commonly chosen next by students with similar outcomes; popular among students with similar study patterns.
266558,2,GGG,0.4124,1.0,0.0073,0.4574,Content+Markov+CF,GGG: matches your academic profile; popular among students with similar study patterns.
266558,3,FFF,0.0226,0.9419,0.2263,0.0,Content+Markov,FFF: matches your academic profile.
266915,1,FFF,1.0,0.947,1.0,1.0,Content+Markov+CF,FFF: matches your academic profile; commonly chosen next by students with similar outcomes; popular among students with similar study patterns.
266915,2,BBB,0.1256,0.938,0.0069,0.1388,Content+Markov+CF,BBB: matches your academic profile.
266915,3,CCC,0.1,0.0,1.0,0.0,Markov,CCC: commonly chosen next by students with similar outcomes.
271526,1,EEE,0.1,0.9952,1.0,0.0,Content+Markov,EEE: matches your academic profile; commonly chosen next by students with similar outcomes.
271526,2,CCC,0.0446,0.0,0.4458,0.0,Markov,CCC: commonly chosen next by students with similar outcomes.
271526,3,FFF,0.0446,0.9397,0.4458,0.0,Content+Markov,FFF: matches your academic profile; commonly chosen next by students with similar outcomes.
277577,1,BBB,0.9011,0.9702,0.0106,1.0,Content+Markov+CF,BBB: matches your academic profile; popular among students with similar study patterns.
277577,2,CCC,0.1,1.0,1.0,0.0,Content+Markov,CCC: matches your academic profile; commonly chosen next by students with similar outcomes.
277577,3,DDD,0.0027,0.9534,0.0266,0.0,Content+Markov,DDD: matches your academic profile.
279868,1,EEE,0.1,0.9896,1.0,0.0,Content+Markov,EEE: matches your academic profile; commonly chosen next by students with similar outcomes.
279868,2,FFF,0.0339,0.9601,0.3386,0.0,Content+Markov,FFF: matches your academic profile; commonly chosen next by students with similar outcomes.
279868,3,AAA,0.0008,1.0,0.0079,0.0,Content+Markov,AAA: matches your academic profile.
279883,1,CCC,0.9137,0.0,0.1374,1.0,Markov+CF,CCC: popular among students with similar study patterns.
279883,2,BBB,0.4313,0.988,0.016,0.4774,Content+Markov+CF,BBB: matches your academic profile; popular among students with similar study patterns.
279883,3,FFF,0.1,1.0,1.0,0.0,Content+Markov,FFF: matches your academic profile; commonly chosen next by students with similar outcomes.
283618,1,EEE,1.0,0.9957,1.0,1.0,Content+Markov+CF,EEE: matches your academic profile; commonly chosen next by students with similar outcomes; popular among students with similar study patterns.
283618,2,FFF,0.4058,0.9323,0.4458,0.4014,Content+Markov+CF,FFF: matches your academic profile; commonly chosen next by students with similar outcomes; popular among students with similar study patterns.
283618,3,CCC,0.3954,0.0,0.4458,0.3898,Markov+CF,CCC: commonly chosen next by students with similar outcomes; popular among students with similar study patterns.
285475,1,FFF,0.9017,0.9482,0.3386,0.9643,Content+Markov+CF,FFF: matches your academic profile; commonly chosen next by students with similar outcomes; popular among students with similar study patterns.
285475,2,CCC,0.9008,0.9332,0.0079,1.0,Content+Markov+CF,CCC: matches your academic profile; popular among students with similar study patterns.
285475,3,BBB,0.5177,0.9528,0.0079,0.5744,Content+Markov+CF,BBB: matches your academic profile; popular among students with similar study patterns.
290043,1,BBB,0.9007,0.9392,0.0073,1.0,Content+Markov+CF,BBB: matches your academic profile; popular among students with similar study patterns.
290043,2,FFF,0.125,0.9333,0.2263,0.1137,Content+Markov+CF,FFF: matches your academic profile.
290043,3,EEE,0.1,0.9668,1.0,0.0,Content+Markov,EEE: matches your academic profile; commonly chosen next by students with similar outcomes.
303165,1,DDD,1.0,0.0,1.0,1.0,Markov+CF,DDD: commonly chosen next by students with similar outcomes; popular among students with similar study patterns.
303165,2,BBB,0.3289,0.9447,0.1429,0.3496,Content+Markov+CF,BBB: matches your academic profile; popular among students with similar study patterns.
303165,3,AAA,0.2612,1.0,0.1429,0.2744,Content+Markov+CF,AAA: matches your academic profile.
305036,1,BBB,0.9007,0.9341,0.0069,1.0,Content+Markov+CF,BBB: matches your academic profile; popular among students with similar study patterns.
305036,2,FFF,0.3574,0.9395,1.0,0.286,Content+Markov+CF,FFF: matches your academic profile; commonly chosen next by students with similar outcomes.
305036,3,CCC,0.3485,0.0,1.0,0.2761,Markov+CF,CCC: commonly chosen next by students with similar outcomes.
305783,1,DDD,0.9944,0.0,0.9444,1.0,Markov+CF,DDD: commonly chosen next by students with similar outcomes; popular among students with similar study patterns.
305783,2,CCC,0.1,0.0,1.0,0.0,Markov,CCC: commonly chosen next by students with similar outcomes.
305783,3,FFF,0.1,0.9441,1.0,0.0,Content+Markov,FFF: matches your academic profile; commonly chosen next by students with similar outcomes.
306150,1,AAA,0.9007,0.9147,0.0069,1.0,Content+Markov+CF,AAA: matches your academic profile; popular among students with similar study patterns.
306150,2,CCC,0.4344,0.0,1.0,0.3716,Markov+CF,CCC: commonly chosen next by students with similar outcomes; popular among students with similar study patterns.
306150,3,FFF,0.4344,0.949,1.0,0.3716,Content+Markov+CF,FFF: matches your academic profile; commonly chosen next by students with similar outcomes; popular among students with similar study patterns.
314956,1,CCC,0.9008,0.8761,0.0079,1.0,Content+Markov+CF,CCC: matches your academic profile; popular among students with similar study patterns.
314956,2,BBB,0.8887,0.9299,0.0079,0.9866,Content+Markov+CF,BBB: matches your academic profile; popular among students with similar study patterns.
314956,3,EEE,0.6206,0.9641,1.0,0.5785,Content+Markov+CF,EEE: matches your academic profile; commonly chosen next by students with similar outcomes; popular among students with similar study patterns.
316061,1,FFF,0.1,0.0,1.0,0.0,Markov,FFF: commonly chosen next by students with similar outcomes.
316061,2,CCC,0.0137,0.0,0.1374,0.0,Markov,CCC: recommended based on available signals.
316061,3,DDD,0.0038,0.0,0.0383,0.0,Markov,DDD: recommended based on available signals.
316772,1,CCC,0.9137,1.0,0.1374,1.0,Content+Markov+CF,CCC: matches your academic profile; popular among students with similar study patterns.
316772,2,FFF,0.1,0.9062,1.0,0.0,Content+Markov,FFF: matches your academic profile; commonly chosen next by students with similar outcomes.
316772,3,EEE,0.0022,0.9099,0.0224,0.0,Content+Markov,EEE: matches your academic profile.
318574,1,EEE,0.1,0.9933,1.0,0.0,Content+Markov,EEE: matches your academic profile; commonly chosen next by students with similar outcomes.
318574,2,CCC,0.0446,0.0,0.4458,0.0,Markov,CCC: commonly chosen next by students with similar outcomes.
318574,3,FFF,0.0446,1.0,0.4458,0.0,Content+Markov,FFF: matches your academic profile; commonly chosen next by students with similar outcomes.
329673,1,CCC,0.9022,0.8747,0.0222,1.0,Content+Markov+CF,CCC: matches your academic profile; popular among students with similar study patterns.
329673,2,FFF,0.6521,0.9213,0.9556,0.6184,Content+Markov+CF,FFF: matches your academic profile; commonly chosen next by students with similar outcomes; popular among students with similar study patterns.
329673,3,DDD,0.5626,0.8876,1.0,0.514,Content+Markov+CF,DDD: matches your academic profile; commonly chosen next by students with similar outcomes; popular among students with similar study patterns.
332436,1,FFF,0.9339,0.9215,0.3386,1.0,Content+Markov+CF,FFF: matches your academic profile; commonly chosen next by students with similar outcomes; popular among students with similar study patterns.
332436,2,BBB,0.2603,0.9286,0.0079,0.2883,Content+Markov+CF,BBB: matches your academic profile.
332436,3,AAA,0.1838,0.9626,0.0079,0.2034,Content+Markov+CF,AAA: matches your academic profile.
334154,1,FFF,0.1,0.9252,1.0,0.0,Content+Markov,FFF: matches your academic profile; commonly chosen next by students with similar outcomes.
334154,2,DDD,0.0839,0.896,0.8387,0.0,Content+Markov,DDD: matches your academic profile; commonly chosen next by students with similar outcomes.
334154,3,AAA,0.0032,0.9629,0.0323,0.0,Content+Markov,AAA: matches your academic profile.
339353,1,CCC,0.1,0.0,1.0,0.0,Markov,CCC: commonly chosen next by students with similar outcomes.
339353,2,EEE,0.0942,0.0,0.9423,0.0,Markov,EEE: commonly chosen next by students with similar outcomes.
339353,3,FFF,0.0173,1.0,0.1731,0.0,Content+Markov,FFF: matches your academic profile.
341361,1,BBB,0.9003,0.9074,0.0031,1.0,Content+Markov+CF,BBB: matches your academic profile; popular among students with similar study patterns.
341361,2,GGG,0.2785,1.0,0.0031,0.3091,Content+Markov+CF,GGG: matches your academic profile; popular among students with similar study patterns.
341361,3,EEE,0.1,0.9805,1.0,0.0,Content+Markov,EEE: matches your academic profile; commonly chosen next by students with similar outcomes.
344367,1,CCC,0.9007,0.0,0.0073,1.0,Markov+CF,CCC: popular among students with similar study patterns.
344367,2,EEE,0.2015,0.9752,1.0,0.1128,Content+Markov+CF,EEE: matches your academic profile; commonly chosen next by students with similar outcomes.
344367,3,GGG,0.0815,1.0,0.0073,0.0897,Content+Markov+CF,GGG: matches your academic profile.
347518,1,DDD,0.9944,0.0,0.9444,1.0,Markov+CF,DDD: commonly chosen next by students with similar outcomes; popular among students with similar study patterns.
347518,2,CCC,0.1,0.0,1.0,0.0,Markov,CCC: commonly chosen next by students with similar outcomes.
347518,3,FFF,0.1,0.9737,1.0,0.0,Content+Markov,FFF: matches your academic profile; commonly chosen next by students with similar outcomes.
348050,1,CCC,0.9007,0.9061,0.0073,1.0,Content+Markov+CF,CCC: matches your academic profile; popular among students with similar study patterns.
348050,2,EEE,0.8882,0.9642,1.0,0.8758,Content+Markov+CF,EEE: matches your academic profile; commonly chosen next by students with similar outcomes; popular among students with similar study patterns.
348050,3,FFF,0.0226,0.9361,0.2263,0.0,Content+Markov,FFF: matches your academic profile.
348159,1,CCC,0.9008,0.0,0.0079,1.0,Markov+CF,CCC: popular among students with similar study patterns.
348159,2,BBB,0.4731,0.9057,0.0079,0.5248,Content+Markov+CF,BBB: matches your academic profile; popular among students with similar study patterns.
348159,3,GGG,0.3656,1.0,0.0079,0.4053,Content+Markov+CF,GGG: matches your academic profile; popular among students with similar study patterns.
348783,1,CCC,0.9036,0.8901,0.0357,1.0,Content+Markov+CF,CCC: matches your academic profile; popular among students with similar study patterns.
348783,2,BBB,0.1467,0.9339,0.0357,0.159,Content+Markov+CF,BBB: matches your academic profile.
348783,3,EEE,0.1,0.965,1.0,0.0,Content+Markov,EEE: matches your academic profile; commonly chosen next by students with similar outcomes.
350690,1,EEE,0.9052,0.9738,0.0517,1.0,Content+Markov+CF,EEE: matches your academic profile; popular among students with similar study patterns.
350690,2,CCC,0.1,0.0,1.0,0.0,Markov,CCC: commonly chosen next by students with similar outcomes.
350690,3,FFF,0.0034,1.0,0.0345,0.0,Content+Markov,FFF: matches your academic profile.
350929,1,BBB,0.9003,0.9542,0.0031,1.0,Content+Markov+CF,BBB: matches your academic profile; popular among students with similar study patterns.
350929,2,EEE,0.1,1.0,1.0,0.0,Content+Markov,EEE: matches your academic profile; commonly chosen next by students with similar outcomes.
350929,3,CCC,0.0446,0.0,0.4458,0.0,Markov,CCC: commonly chosen next by students with similar outcomes.
351775,1,GGG,0.9008,1.0,0.0079,1.0,Content+Markov+CF,GGG: matches your academic profile; popular among students with similar study patterns.
351775,2,FFF,0.5535,0.9323,0.3386,0.5774,Content+Markov+CF,FFF: matches your academic profile; commonly chosen next by students with similar outcomes; popular among students with similar study patterns.
351775,3,CCC,0.5051,0.8939,0.0079,0.5603,Content+Markov+CF,CCC: matches your academic profile; popular among students with similar study patterns.
355143,1,DDD,0.919,0.0,0.1898,1.0,Markov+CF,DDD: popular among students with similar study patterns.
355143,2,BBB,0.4699,0.9138,0.0073,0.5213,Content+Markov+CF,BBB: matches your academic profile; popular among students with similar study patterns.
355143,3,CCC,0.3915,0.0,0.0073,0.4342,Markov+CF,CCC: popular among students with similar study patterns.
356274,1,FFF,0.9226,0.9378,0.2263,1.0,Content+Markov+CF,FFF: matches your academic profile; popular among students with similar study patterns.
356274,2,CCC,0.4748,0.0,0.0073,0.5268,Markov+CF,CCC: popular among students with similar study patterns.
356274,3,BBB,0.4241,0.9427,0.0073,0.4704,Content+Markov+CF,BBB: matches your academic profile; popular among students with similar study patterns.
358075,1,FFF,0.9339,0.9413,0.3386,1.0,Content+Markov+CF,FFF: matches your academic profile; commonly chosen next by students with similar outcomes; popular among students with similar study patterns.
358075,2,CCC,0.3961,0.9436,0.0079,0.4392,Content+Markov+CF,CCC: matches your academic profile; popular among students with similar study patterns.
358075,3,EEE,0.1,0.9825,1.0,0.0,Content+Markov,EEE: matches your academic profile; commonly chosen next by students with similar outcomes.
363939,1,CCC,0.9032,0.8874,0.0323,1.0,Content+Markov+CF,CCC: matches your academic profile; popular among students with similar study patterns.
363939,2,FFF,0.405,0.9296,1.0,0.3389,Content+Markov+CF,FFF: matches your academic profile; commonly chosen next by students with similar outcomes; popular among students with similar study patterns.
363939,3,BBB,0.2226,0.9357,0.0323,0.2437,Content+Markov+CF,BBB: matches your academic profile.
366310,1,BBB,0.9008,0.9286,0.0079,1.0,Content+Markov+CF,BBB: matches your academic profile; popular among students with similar study patterns.
366310,2,CCC,0.233,0.0,0.0079,0.258,Markov+CF,CCC: recommended based on available signals.
366310,3,EEE,0.1996,0.9683,1.0,0.1107,Content+Markov+CF,EEE: matches your academic profile; commonly chosen next by students with similar outcomes.
368436,1,EEE,1.0,0.9582,1.0,1.0,Content+Markov+CF,EEE: matches your academic profile; commonly chosen next by students with similar outcomes; popular among students with similar study patterns.
368436,2,CCC,0.6946,0.8491,0.0079,0.7709,Content+Markov+CF,CCC: matches your academic profile; popular among students with similar study patterns.
368436,3,FFF,0.6345,0.9194,0.3386,0.6674,Content+Markov+CF,FFF: matches your academic profile; commonly chosen next by students with similar outcomes; popular among students with similar study patterns.
368483,1,BBB,0.9007,0.8953,0.0069,1.0,Content+Markov+CF,BBB: matches your academic profile; popular among students with similar study patterns.
368483,2,CCC,0.7234,0.0,1.0,0.6927,Markov+CF,CCC: commonly chosen next by students with similar outcomes; popular among students with similar study patterns.
368483,3,FFF,0.6291,0.9033,1.0,0.5879,Content+Markov+CF,FFF: matches your academic profile; commonly chosen next by students with similar outcomes; popular among students with similar study patterns.
369908,1,AAA,0.9003,0.9226,0.0031,1.0,Content+Markov+CF,AAA: matches your academic profile; popular among students with similar study patterns.
369908,2,EEE,0.1,0.9912,1.0,0.0,Content+Markov,EEE: matches your academic profile; commonly chosen next by students with similar outcomes.
369908,3,CCC,0.0446,0.0,0.4458,0.0,Markov,CCC: commonly chosen next by students with similar outcomes.
378825,1,FFF,0.9023,0.9172,0.0228,1.0,Content+Markov+CF,FFF: matches your academic profile; popular among students with similar study patterns.
378825,2,BBB,0.5099,0.9245,0.0033,0.5662,Content+Markov+CF,BBB: matches your academic profile; popular among students with similar study patterns.
378825,3,GGG,0.3179,1.0,0.0033,0.3529,Content+Markov+CF,GGG: matches your academic profile; popular among students with similar study patterns.
382378,1,CCC,0.9446,0.0,0.4458,1.0,Markov+CF,CCC: commonly chosen next by students with similar outcomes; popular among students with similar study patterns.
382378,2,BBB,0.4052,0.9696,0.0031,0.4499,Content+Markov+CF,BBB: matches your academic profile; popular among students with similar study patterns.
382378,3,EEE,0.1,1.0,1.0,0.0,Content+Markov,EEE: matches your academic profile; commonly chosen next by students with similar outcomes.
383347,1,CCC,0.9036,0.8751,0.0357,1.0,Content+Markov+CF,CCC: matches your academic profile; popular among students with similar study patterns.
383347,2,FFF,0.494,0.9086,0.75,0.4656,Content+Markov+CF,FFF: matches your academic profile; commonly chosen next by students with similar outcomes; popular among students with similar study patterns.
383347,3,BBB,0.407,0.9164,0.0357,0.4483,Content+Markov+CF,BBB: matches your academic profile; popular among students with similar study patterns.
385033,1,GGG,0.9008,1.0,0.0079,1.0,Content+Markov+CF,GGG: matches your academic profile; popular among students with similar study patterns.
385033,2,CCC,0.173,0.0,0.0079,0.1914,Markov+CF,CCC: recommended based on available signals.
385033,3,BBB,0.1026,0.9178,0.0079,0.1131,Content+Markov+CF,BBB: matches your academic profile.
390233,1,EEE,0.1,1.0,1.0,0.0,Content+Markov,EEE: matches your academic profile; commonly chosen next by students with similar outcomes.
390233,2,CCC,0.0446,0.0,0.4458,0.0,Markov,CCC: commonly chosen next by students with similar outcomes.
390233,3,FFF,0.0446,0.9481,0.4458,0.0,Content+Markov,FFF: matches your academic profile; commonly chosen next by students with similar outcomes.
391343,1,BBB,0.9007,0.9935,0.0073,1.0,Content+Markov+CF,BBB: matches your academic profile; popular among students with similar study patterns.
391343,2,CCC,0.2914,0.0,0.0073,0.323,Markov+CF,CCC: popular among students with similar study patterns.
391343,3,EEE,0.1,0.9902,1.0,0.0,Content+Markov,EEE: matches your academic profile; commonly chosen next by students with similar outcomes.
392250,1,DDD,0.1,0.0,1.0,0.0,Markov,DDD: commonly chosen next by students with similar outcomes.
392250,2,CCC,0.0154,0.0,0.1538,0.0,Markov,CCC: recommended based on available signals.
392250,3,FFF,0.0071,1.0,0.0714,0.0,Content+Markov,FFF: matches your academic profile.
392890,1,EEE,1.0,0.9569,1.0,1.0,Content+Markov+CF,EEE: matches your academic profile; commonly chosen next by students with similar outcomes; popular among students with similar study patterns.
392890,2,GGG,0.289,1.0,0.0073,0.3203,Content+Markov+CF,GGG: matches your academic profile; popular among students with similar study patterns.
392890,3,FFF,0.2371,0.9235,0.2263,0.2383,Content+Markov+CF,FFF: matches your academic profile.
394218,1,EEE,1.0,1.0,1.0,1.0,Content+Markov+CF,EEE: matches your academic profile; commonly chosen next by students with similar outcomes; popular among students with similar study patterns.
394218,2,GGG,0.2565,0.9932,0.0031,0.2847,Content+Markov+CF,GGG: matches your academic profile.
394218,3,CCC,0.0446,0.0,0.4458,0.0,Markov,CCC: commonly chosen next by students with similar outcomes.
395757,1,EEE,1.0,0.9675,1.0,1.0,Content+Markov+CF,EEE: matches your academic profile; commonly chosen next by students with similar outcomes; popular among students with similar study patterns.
395757,2,CCC,0.2317,0.0,0.0079,0.2566,Markov+CF,CCC: recommended based on available signals.
395757,3,FFF,0.0339,0.9195,0.3386,0.0,Content+Markov,FFF: matches your academic profile; commonly chosen next by students with similar outcomes.
396631,1,BBB,0.9007,0.9249,0.0069,1.0,Content+Markov+CF,BBB: matches your academic profile; popular among students with similar study patterns.
396631,2,FFF,0.7235,0.9181,1.0,0.6928,Content+Markov+CF,FFF: matches your academic profile; commonly chosen next by students with similar outcomes; popular among students with similar study patterns.
396631,3,CCC,0.1,0.9152,1.0,0.0,Content+Markov,CCC: matches your academic profile; commonly chosen next by students with similar outcomes.
397149,1,FFF,1.0,0.9722,1.0,1.0,Content+Markov+CF,FFF: matches your academic profile; commonly chosen next by students with similar outcomes; popular among students with similar study patterns.
397149,2,BBB,0.7415,0.963,0.0069,0.8231,Content+Markov+CF,BBB: matches your academic profile; popular among students with similar study patterns.
397149,3,CCC,0.1,0.0,1.0,0.0,Markov,CCC: commonly chosen next by students with similar outcomes.
397797,1,FFF,1.0,1.0,1.0,1.0,Content+Markov+CF,FFF: matches your academic profile; commonly chosen next by students with similar outcomes; popular among students with similar study patterns.
397797,2,CCC,0.4824,0.0,1.0,0.4249,Markov+CF,CCC: commonly chosen next by students with similar outcomes; popular among students with similar study patterns.
397797,3,DDD,0.0944,0.0,0.9444,0.0,Markov,DDD: commonly chosen next by students with similar outcomes.
398877,1,DDD,0.9944,0.0,0.9444,1.0,Markov+CF,DDD: commonly chosen next by students with similar outcomes; popular among students with similar study patterns.
398877,2,CCC,0.4191,0.0,1.0,0.3546,Markov+CF,CCC: commonly chosen next by students with similar outcomes; popular among students with similar study patterns.
398877,3,FFF,0.1,0.9721,1.0,0.0,Content+Markov,FFF: matches your academic profile; commonly chosen next by students with similar outcomes.
400266,1,BBB,0.9003,0.9627,0.0031,1.0,Content+Markov+CF,BBB: matches your academic profile; popular among students with similar study patterns.
400266,2,EEE,0.899,0.9928,1.0,0.8878,Content+Markov+CF,EEE: matches your academic profile; commonly chosen next by students with similar outcomes; popular among students with similar study patterns.
400266,3,CCC,0.6224,0.9717,0.4458,0.642,Content+Markov+CF,CCC: matches your academic profile; commonly chosen next by students with similar outcomes; popular among students with similar study patterns.
401011,1,BBB,0.9007,0.9291,0.0069,1.0,Content+Markov+CF,BBB: matches your academic profile; popular among students with similar study patterns.
401011,2,CCC,0.5015,0.0,1.0,0.4461,Markov+CF,CCC: commonly chosen next by students with similar outcomes; popular among students with similar study patterns.
401011,3,FFF,0.1,0.9327,1.0,0.0,Content+Markov,FFF: matches your academic profile; commonly chosen next by students with similar outcomes.
402210,1,BBB,0.9003,0.938,0.0031,1.0,Content+Markov+CF,BBB: matches your academic profile; popular among students with similar study patterns.
402210,2,CCC,0.7631,0.0,0.4458,0.7983,Markov+CF,CCC: commonly chosen next by students with similar outcomes; popular among students with similar study patterns.
402210,3,GGG,0.2509,1.0,0.0031,0.2784,Content+Markov+CF,GGG: matches your academic profile.
403085,1,CCC,0.9008,0.8716,0.0079,1.0,Content+Markov+CF,CCC: matches your academic profile; popular among students with similar study patterns.
403085,2,GGG,0.7065,1.0,0.0079,0.7841,Content+Markov+CF,GGG: matches your academic profile; popular among students with similar study patterns.
403085,3,FFF,0.322,0.9215,0.3386,0.3202,Content+Markov+CF,FFF: matches your academic profile; commonly chosen next by students with similar outcomes; popular among students with similar study patterns.
407453,1,CCC,1.0,0.0,1.0,1.0,Markov+CF,CCC: commonly chosen next by students with similar outcomes; popular among students with similar study patterns.
407453,2,FFF,0.861,0.9453,1.0,0.8455,Content+Markov+CF,FFF: matches your academic profile; commonly chosen next by students with similar outcomes; popular among students with similar study patterns.
407453,3,GGG,0.7354,1.0,0.0069,0.8163,Content+Markov+CF,GGG: matches your academic profile; popular among students with similar study patterns.
409953,1,CCC,0.9008,0.8743,0.0079,1.0,Content+Markov+CF,CCC: matches your academic profile; popular among students with similar study patterns.
409953,2,FFF,0.5528,0.9229,0.3386,0.5766,Content+Markov+CF,FFF: matches your academic profile; commonly chosen next by students with similar outcomes; popular among students with similar study patterns.
409953,3,EEE,0.1,0.9632,1.0,0.0,Content+Markov,EEE: matches your academic profile; commonly chosen next by students with similar outcomes.
411105,1,BBB,1.0,0.9788,1.0,1.0,Content+Markov+CF,BBB: matches your academic profile; commonly chosen next by students with similar outcomes; popular among students with similar study patterns.
411105,2,CCC,0.2795,0.0,0.0158,0.3088,Markov+CF,CCC: popular among students with similar study patterns.
411105,3,DDD,0.0047,0.0,0.0474,0.0,Markov,DDD: recommended based on available signals.
425714,1,CCC,1.0,0.0,1.0,1.0,Markov+CF,CCC: commonly chosen next by students with similar outcomes; popular among students with similar study patterns.
425714,2,FFF,0.916,0.9475,1.0,0.9067,Content+Markov+CF,FFF: matches your academic profile; commonly chosen next by students with similar outcomes; popular among students with similar study patterns.
425714,3,DDD,0.0944,0.0,0.9444,0.0,Markov,DDD: commonly chosen next by students with similar outcomes.
427413,1,CCC,0.9032,0.8848,0.0323,1.0,Content+Markov+CF,CCC: matches your academic profile; popular among students with similar study patterns.
427413,2,BBB,0.2914,0.9187,0.0323,0.3202,Content+Markov+CF,BBB: matches your academic profile; popular among students with similar study patterns.
427413,3,FFF,0.1,0.9113,1.0,0.0,Content+Markov,FFF: matches your academic profile; commonly chosen next by students with similar outcomes.
430516,1,BBB,0.9029,0.926,0.0286,1.0,Content+Markov+CF,BBB: matches your academic profile; popular among students with similar study patterns.
430516,2,FFF,0.1,0.9206,1.0,0.0,Content+Markov,FFF: matches your academic profile; commonly chosen next by students with similar outcomes.
430516,3,CCC,0.0857,0.9835,0.8571,0.0,Content+Markov,CCC: matches your academic profile; commonly chosen next by students with similar outcomes.
431014,1,FFF,1.0,0.9369,1.0,1.0,Content+Markov+CF,FFF: matches your academic profile; commonly chosen next by students with similar outcomes; popular among students with similar study patterns.
431014,2,BBB,0.1891,0.9423,0.0323,0.2065,Content+Markov+CF,BBB: matches your academic profile.
431014,3,DDD,0.0839,0.0,0.8387,0.0,Markov,DDD: commonly chosen next by students with similar outcomes.
433508,1,CCC,0.9446,0.0,0.4458,1.0,Markov+CF,CCC: commonly chosen next by students with similar outcomes; popular among students with similar study patterns.
433508,2,BBB,0.2501,0.9371,0.0031,0.2775,Content+Markov+CF,BBB: matches your academic profile.
433508,3,GGG,0.1711,0.9427,0.0031,0.1898,Content+Markov+CF,GGG: matches your academic profile.
434562,1,FFF,0.9956,0.9171,0.9556,1.0,Content+Markov+CF,FFF: matches your academic profile; commonly chosen next by students with similar outcomes; popular among students with similar study patterns.
434562,2,DDD,0.8456,0.8823,1.0,0.8284,Content+Markov+CF,DDD: matches your academic profile; commonly chosen next by students with similar outcomes; popular among students with similar study patterns.
434562,3,CCC,0.5869,0.8739,0.0222,0.6496,Content+Markov+CF,CCC: matches your academic profile; popular among students with similar study patterns.
434573,1,DDD,0.9839,0.0,0.8387,1.0,Markov+CF,DDD: commonly chosen next by students with similar outcomes; popular among students with similar study patterns.
434573,2,FFF,0.1,0.9464,1.0,0.0,Content+Markov,FFF: matches your academic profile; commonly chosen next by students with similar outcomes.
434573,3,AAA,0.0032,0.9241,0.0323,0.0,Content+Markov,AAA: matches your academic profile.
437432,1,DDD,0.9421,0.0,0.4211,1.0,Markov+CF,DDD: commonly chosen next by students with similar outcomes; popular among students with similar study patterns.
437432,2,EEE,0.5321,1.0,1.0,0.4801,Content+Markov+CF,EEE: matches your academic profile; commonly chosen next by students with similar outcomes; popular among students with similar study patterns.
437432,3,AAA,0.1934,0.8672,0.0031,0.2146,Content+Markov+CF,AAA: matches your academic profile.
438313,1,EEE,0.1,0.9921,1.0,0.0,Content+Markov,EEE: matches your academic profile; commonly chosen next by students with similar outcomes.
438313,2,CCC,0.0446,0.0,0.4458,0.0,Markov,CCC: commonly chosen next by students with similar outcomes.
438313,3,DDD,0.0421,0.0,0.4211,0.0,Markov,DDD: commonly chosen next by students with similar outcomes.
439855,1,FFF,0.9446,0.9179,0.4458,1.0,Content+Markov+CF,FFF: matches your academic profile; commonly chosen next by students with similar outcomes; popular among students with similar study patterns.
439855,2,CCC,0.8429,0.9172,0.4458,0.887,Content+Markov+CF,CCC: matches your academic profile; commonly chosen next by students with similar outcomes; popular among students with similar study patterns.
439855,3,EEE,0.7205,0.9649,1.0,0.6894,Content+Markov+CF,EEE: matches your academic profile; commonly chosen next by students with similar outcomes; popular among students with similar study patterns.
441540,1,CCC,0.9137,0.0,0.1374,1.0,Markov+CF,CCC: popular among students with similar study patterns.
441540,2,DDD,0.3866,0.0,0.0383,0.4253,Markov+CF,DDD: popular among students with similar study patterns.
441540,3,FFF,0.1,1.0,1.0,0.0,Content+Markov,FFF: matches your academic profile; commonly chosen next by students with similar outcomes.
441606,1,BBB,0.9003,1.0,0.0031,1.0,Content+Markov+CF,BBB: matches your academic profile; popular among students with similar study patterns.
441606,2,EEE,0.3973,0.9994,1.0,0.3303,Content+Markov+CF,EEE: matches your academic profile; commonly chosen next by students with similar outcomes; popular among students with similar study patterns.
441606,3,GGG,0.2501,0.9577,0.0031,0.2776,Content+Markov+CF,GGG: matches your academic profile.
442530,1,EEE,1.0,0.9793,1.0,1.0,Content+Markov+CF,EEE: matches your academic profile; commonly chosen next by students with similar outcomes; popular among students with similar study patterns.
442530,2,CCC,0.0446,0.0,0.4458,0.0,Markov,CCC: commonly chosen next by students with similar outcomes.
442530,3,FFF,0.0446,1.0,0.4458,0.0,Content+Markov,FFF: matches your academic profile; commonly chosen next by students with similar outcomes.
445972,1,CCC,0.9042,0.8723,0.0417,1.0,Content+Markov+CF,CCC: matches your academic profile; popular among students with similar study patterns.
445972,2,DDD,0.8169,0.8793,1.0,0.7966,Content+Markov+CF,DDD: matches your academic profile; commonly chosen next by students with similar outcomes; popular among students with similar study patterns.
445972,3,FFF,0.0875,0.9146,0.875,0.0,Content+Markov,FFF: matches your academic profile; commonly chosen next by students with similar outcomes.
446628,1,GGG,0.9003,0.9461,0.0031,1.0,Content+Markov+CF,GGG: matches your academic profile; popular among students with similar study patterns.
446628,2,EEE,0.1,0.987,1.0,0.0,Content+Markov,EEE: matches your academic profile; commonly chosen next by students with similar outcomes.
446628,3,CCC,0.0446,0.0,0.4458,0.0,Markov,CCC: commonly chosen next by students with similar outcomes.
464236,1,EEE,1.0,0.9859,1.0,1.0,Content+Markov+CF,EEE: matches your academic profile; commonly chosen next by students with similar outcomes; popular among students with similar study patterns.
464236,2,CCC,0.0446,0.0,0.4458,0.0,Markov,CCC: commonly chosen next by students with similar outcomes.
464236,3,FFF,0.0446,0.9243,0.4458,0.0,Content+Markov,FFF: matches your academic profile; commonly chosen next by students with similar outcomes.
464981,1,GGG,0.9036,1.0,0.0357,1.0,Content+Markov+CF,GGG: matches your academic profile; popular among students with similar study patterns.
464981,2,BBB,0.2657,0.9207,0.0357,0.2913,Content+Markov+CF,BBB: matches your academic profile.
464981,3,CCC,0.1125,0.8727,0.0357,0.121,Content+Markov+CF,CCC: matches your academic profile.
465719,1,BBB,0.9007,1.0,0.0073,1.0,Content+Markov+CF,BBB: matches your academic profile; popular among students with similar study patterns.
465719,2,EEE,0.1,0.9863,1.0,0.0,Content+Markov,EEE: matches your academic profile; commonly chosen next by students with similar outcomes.
465719,3,DDD,0.019,0.0,0.1898,0.0,Markov,DDD: recommended based on available signals.
465764,1,BBB,0.9003,0.9587,0.0031,1.0,Content+Markov+CF,BBB: matches your academic profile; popular among students with similar study patterns.
465764,2,EEE,0.7458,1.0,1.0,0.7175,Content+Markov+CF,EEE: matches your academic profile; commonly chosen next by students with similar outcomes; popular among students with similar study patterns.
465764,3,CCC,0.0446,0.0,0.4458,0.0,Markov,CCC: commonly chosen next by students with similar outcomes.
465843,1,CCC,0.9007,0.0,0.0073,1.0,Markov+CF,CCC: popular among students with similar study patterns.
465843,2,GGG,0.2322,1.0,0.0073,0.2572,Content+Markov+CF,GGG: matches your academic profile.
465843,3,FFF,0.1123,0.9501,0.2263,0.0996,Content+Markov+CF,FFF: matches your academic profile.
465900,1,EEE,0.1,0.9688,1.0,0.0,Content+Markov,EEE: matches your academic profile; commonly chosen next by students with similar outcomes.
465900,2,DDD,0.0354,0.907,0.3543,0.0,Content+Markov,DDD: matches your academic profile; commonly chosen next by students with similar outcomes.
465900,3,AAA,0.0008,0.9926,0.0079,0.0,Content+Markov,AAA: matches your academic profile.
466430,1,CCC,0.1,0.0,1.0,0.0,Markov,CCC: commonly chosen next by students with similar outcomes.
466430,2,EEE,0.0942,0.0,0.9423,0.0,Markov,EEE: commonly chosen next by students with similar outcomes.
466430,3,FFF,0.0173,1.0,0.1731,0.0,Content+Markov,FFF: matches your academic profile.
467363,1,CCC,0.9857,0.0,0.8571,1.0,Markov+CF,CCC: commonly chosen next by students with similar outcomes; popular among students with similar study patterns.
467363,2,FFF,0.9468,0.9109,1.0,0.9409,Content+Markov+CF,FFF: matches your academic profile; commonly chosen next by students with similar outcomes; popular among students with similar study patterns.
467363,3,DDD,0.185,0.0,0.0857,0.196,Markov+CF,DDD: recommended based on available signals.
468902,1,FFF,1.0,0.9216,1.0,1.0,Content+Markov+CF,FFF: matches your academic profile; commonly chosen next by students with similar outcomes; popular among students with similar study patterns.
468902,2,GGG,0.093,1.0,0.0323,0.0998,Content+Markov+CF,GGG: matches your academic profile.
468902,3,DDD,0.0839,0.0,0.8387,0.0,Markov,DDD: commonly chosen next by students with similar outcomes.
469113,1,DDD,0.9944,0.0,0.9444,1.0,Markov+CF,DDD: commonly chosen next by students with similar outcomes; popular among students with similar study patterns.
469113,2,CCC,0.5214,0.0,1.0,0.4682,Markov+CF,CCC: commonly chosen next by students with similar outcomes; popular among students with similar study patterns.
469113,3,FFF,0.1,0.9551,1.0,0.0,Content+Markov,FFF: matches your academic profile; commonly chosen next by students with similar outcomes.
470002,1,FFF,1.0,0.934,1.0,1.0,Content+Markov+CF,FFF: matches your academic profile; commonly chosen next by students with similar outcomes; popular among students with similar study patterns.
470002,2,CCC,0.68,0.0,1.0,0.6444,Markov+CF,CCC: commonly chosen next by students with similar outcomes; popular among students with similar study patterns.
470002,3,BBB,0.5887,0.9301,0.0069,0.6533,Content+Markov+CF,BBB: matches your academic profile; popular among students with similar study patterns.
470461,1,CCC,1.0,0.8818,1.0,1.0,Content+Markov+CF,CCC: matches your academic profile; commonly chosen next by students with similar outcomes; popular among students with similar study patterns.
470461,2,DDD,0.5294,0.9016,0.0228,0.5857,Content+Markov+CF,DDD: matches your academic profile; popular among students with similar study patterns.
470461,3,BBB,0.3363,0.9353,0.0033,0.3733,Content+Markov+CF,BBB: matches your academic profile; popular among students with similar study patterns.
471977,1,GGG,0.9003,0.9744,0.0031,1.0,Content+Markov+CF,GGG: matches your academic profile; popular among students with similar study patterns.
471977,2,EEE,0.1,1.0,1.0,0.0,Content+Markov,EEE: matches your academic profile; commonly chosen next by students with similar outcomes.
471977,3,CCC,0.0446,0.0,0.4458,0.0,Markov,CCC: commonly chosen next by students with similar outcomes.
472087,1,CCC,0.9022,0.0,0.0222,1.0,Markov+CF,CCC: popular among students with similar study patterns.
472087,2,DDD,0.3351,0.0,1.0,0.2612,Markov+CF,DDD: commonly chosen next by students with similar outcomes.
472087,3,GGG,0.2057,1.0,0.0222,0.2261,Content+Markov+CF,GGG: matches your academic profile.
472290,1,BBB,0.9007,0.9248,0.0069,1.0,Content+Markov+CF,BBB: matches your academic profile; popular among students with similar study patterns.
472290,2,FFF,0.4569,0.918,1.0,0.3966,Content+Markov+CF,FFF: matches your academic profile; commonly chosen next by students with similar outcomes; popular among students with similar study patterns.
472290,3,CCC,0.3568,0.915,1.0,0.2853,Content+Markov+CF,CCC: matches your academic profile; commonly chosen next by students with similar outcomes.
473271,1,FFF,0.9429,0.9554,0.4286,1.0,Content+Markov+CF,FFF: matches your academic profile; commonly chosen next by students with similar outcomes; popular among students with similar study patterns.
473271,2,CCC,0.6249,0.9028,0.1429,0.6785,Content+Markov+CF,CCC: matches your academic profile; popular among students with similar study patterns.
473271,3,BBB,0.168,0.9626,0.1429,0.1708,Content+Markov+CF,BBB: matches your academic profile.
473491,1,BBB,0.9003,0.9275,0.0031,1.0,Content+Markov+CF,BBB: matches your academic profile; popular among students with similar study patterns.
473491,2,EEE,0.1,0.9652,1.0,0.0,Content+Markov,EEE: matches your academic profile; commonly chosen next by students with similar outcomes.
473491,3,CCC,0.0446,0.9135,0.4458,0.0,Content+Markov,CCC: matches your academic profile; commonly chosen next by students with similar outcomes.
474495,1,EEE,0.978,0.9641,1.0,0.9756,Content+Markov+CF,EEE: matches your academic profile; commonly chosen next by students with similar outcomes; popular among students with similar study patterns.
474495,2,CCC,0.9036,0.8761,0.0357,1.0,Content+Markov+CF,CCC: matches your academic profile; popular among students with similar study patterns.
474495,3,FFF,0.5027,0.923,0.75,0.4752,Content+Markov+CF,FFF: matches your academic profile; commonly chosen next by students with similar outcomes; popular among students with similar study patterns.
475443,1,AAA,0.9003,0.871,0.0027,1.0,Content+Markov+CF,AAA: matches your academic profile; popular among students with similar study patterns.
475443,2,BBB,0.8594,0.9882,0.0247,0.9521,Content+Markov+CF,BBB: matches your academic profile; popular among students with similar study patterns.
475443,3,DDD,0.1,0.0,1.0,0.0,Markov,DDD: commonly chosen next by students with similar outcomes.
477185,1,DDD,0.9421,0.9021,0.4211,1.0,Content+Markov+CF,DDD: matches your academic profile; commonly chosen next by students with similar outcomes; popular among students with similar study patterns.
477185,2,BBB,0.7702,0.9373,0.0031,0.8554,Content+Markov+CF,BBB: matches your academic profile; popular among students with similar study patterns.
477185,3,EEE,0.1,0.9752,1.0,0.0,Content+Markov,EEE: matches your academic profile; commonly chosen next by students with similar outcomes.
478212,1,CCC,0.9032,0.0,0.0323,1.0,Markov+CF,CCC: popular among students with similar study patterns.
478212,2,DDD,0.348,0.0,0.8387,0.2935,Markov+CF,DDD: commonly chosen next by students with similar outcomes.
478212,3,FFF,0.1,0.935,1.0,0.0,Content+Markov,FFF: matches your academic profile; commonly chosen next by students with similar outcomes.
478346,1,CCC,0.9008,0.877,0.0079,1.0,Content+Markov+CF,CCC: matches your academic profile; popular among students with similar study patterns.
478346,2,EEE,0.2179,0.9588,1.0,0.131,Content+Markov+CF,EEE: matches your academic profile; commonly chosen next by students with similar outcomes.
478346,3,FFF,0.1716,0.9122,0.3386,0.153,Content+Markov+CF,FFF: matches your academic profile; commonly chosen next by students with similar outcomes.
478562,1,FFF,0.9811,0.9564,1.0,0.979,Content+Markov+CF,FFF: matches your academic profile; commonly chosen next by students with similar outcomes; popular among students with similar study patterns.
478562,2,AAA,0.9007,0.9728,0.0069,1.0,Content+Markov+CF,AAA: matches your academic profile; popular among students with similar study patterns.
478562,3,DDD,0.6163,0.0,0.9444,0.5798,Markov+CF,DDD: commonly chosen next by students with similar outcomes; popular among students with similar study patterns.
479753,1,FFF,1.0,0.9561,1.0,1.0,Content+Markov+CF,FFF: matches your academic profile; commonly chosen next by students with similar outcomes; popular among students with similar study patterns.
479753,2,CCC,0.1,0.0,1.0,0.0,Markov,CCC: commonly chosen next by students with similar outcomes.
479753,3,DDD,0.0944,0.0,0.9444,0.0,Markov,DDD: commonly chosen next by students with similar outcomes.
480115,1,GGG,0.9022,1.0,0.0222,1.0,Content+Markov+CF,GGG: matches your academic profile; popular among students with similar study patterns.
480115,2,FFF,0.3233,0.9283,0.9556,0.253,Content+Markov+CF,FFF: matches your academic profile; commonly chosen next by students with similar outcomes.
480115,3,BBB,0.1793,0.9334,0.0222,0.1968,Content+Markov+CF,BBB: matches your academic profile.
480929,1,EEE,1.0,0.9573,1.0,1.0,Content+Markov+CF,EEE: matches your academic profile; commonly chosen next by students with similar outcomes; popular among students with similar study patterns.
480929,2,CCC,0.7535,0.8735,0.0357,0.8333,Content+Markov+CF,CCC: matches your academic profile; popular among students with similar study patterns.
480929,3,BBB,0.5872,0.9205,0.0357,0.6485,Content+Markov+CF,BBB: matches your academic profile; popular among students with similar study patterns.
481314,1,AAA,0.9008,0.9502,0.0079,1.0,Content+Markov+CF,AAA: matches your academic profile; popular among students with similar study patterns.
481314,2,BBB,0.5425,0.9143,0.0079,0.6019,Content+Markov+CF,BBB: matches your academic profile; popular among students with similar study patterns.
481314,3,GGG,0.2523,1.0,0.0079,0.2795,Content+Markov+CF,GGG: matches your academic profile.
481350,1,FFF,0.9446,0.9321,0.4458,1.0,Content+Markov+CF,FFF: matches your academic profile; commonly chosen next by students with similar outcomes; popular among students with similar study patterns.
481350,2,CCC,0.1102,0.9535,0.4458,0.0729,Content+Markov+CF,CCC: matches your academic profile; commonly chosen next by students with similar outcomes.
481350,3,EEE,0.1,0.9753,1.0,0.0,Content+Markov,EEE: matches your academic profile; commonly chosen next by students with similar outcomes.
482868,1,FFF,0.9446,0.9584,0.4458,1.0,Content+Markov+CF,FFF: matches your academic profile; commonly chosen next by students with similar outcomes; popular among students with similar study patterns.
482868,2,GGG,0.151,0.984,0.0031,0.1674,Content+Markov+CF,GGG: matches your academic profile.
482868,3,BBB,0.1169,0.9517,0.0031,0.1296,Content+Markov+CF,BBB: matches your academic profile.
483275,1,BBB,0.9008,0.9563,0.0079,1.0,Content+Markov+CF,BBB: matches your academic profile; popular among students with similar study patterns.
483275,2,CCC,0.2501,0.906,0.0079,0.277,Content+Markov+CF,CCC: matches your academic profile.
483275,3,EEE,0.1,0.9714,1.0,0.0,Content+Markov,EEE: matches your academic profile; commonly chosen next by students with similar outcomes.
485374,1,BBB,0.9022,0.927,0.0222,1.0,Content+Markov+CF,BBB: matches your academic profile; popular among students with similar study patterns.
485374,2,CCC,0.2981,0.8749,0.0222,0.3288,Content+Markov+CF,CCC: matches your academic profile; popular among students with similar study patterns.
485374,3,FFF,0.2638,0.9197,0.9556,0.1869,Content+Markov+CF,FFF: matches your academic profile; commonly chosen next by students with similar outcomes.
485980,1,BBB,0.9333,0.9571,0.3333,1.0,Content+Markov+CF,BBB: matches your academic profile; commonly chosen next by students with similar outcomes; popular among students with similar study patterns.
485980,2,FFF,0.1,0.9583,1.0,0.0,Content+Markov,FFF: matches your academic profile; commonly chosen next by students with similar outcomes.
485980,3,EEE,0.0333,0.9638,0.3333,0.0,Content+Markov,EEE: matches your academic profile; commonly chosen next by students with similar outcomes.
486877,1,FFF,0.9446,0.9144,0.4458,1.0,Content+Markov+CF,FFF: matches your academic profile; commonly chosen next by students with similar outcomes; popular among students with similar study patterns.
486877,2,GGG,0.872,1.0,0.0031,0.9686,Content+Markov+CF,GGG: matches your academic profile; popular among students with similar study patterns.
486877,3,EEE,0.3355,0.9822,1.0,0.2617,Content+Markov+CF,EEE: matches your academic profile; commonly chosen next by students with similar outcomes.
486964,1,FFF,0.9021,0.951,0.0213,1.0,Content+Markov+CF,FFF: matches your academic profile; popular among students with similar study patterns.
486964,2,CCC,0.2359,0.9191,1.0,0.151,Content+Markov+CF,CCC: matches your academic profile; commonly chosen next by students with similar outcomes.
486964,3,DDD,0.0027,0.9313,0.0266,0.0,Content+Markov,DDD: matches your academic profile.
487002,1,EEE,0.9005,0.9899,0.0046,1.0,Content+Markov+CF,EEE: matches your academic profile; popular among students with similar study patterns.
487002,2,BBB,0.6235,0.9693,1.0,0.5817,Content+Markov+CF,BBB: matches your academic profile; commonly chosen next by students with similar outcomes; popular among students with similar study patterns.
487002,3,DDD,0.0083,0.9525,0.0829,0.0,Content+Markov,DDD: matches your academic profile.
489990,1,EEE,1.0,0.9857,1.0,1.0,Content+Markov+CF,EEE: matches your academic profile; commonly chosen next by students with similar outcomes; popular among students with similar study patterns.
489990,2,CCC,0.0446,0.0,0.4458,0.0,Markov,CCC: commonly chosen next by students with similar outcomes.
489990,3,FFF,0.0446,1.0,0.4458,0.0,Content+Markov,FFF: matches your academic profile; commonly chosen next by students with similar outcomes.
490297,1,BBB,0.9029,0.9859,0.0286,1.0,Content+Markov+CF,BBB: matches your academic profile; popular among students with similar study patterns.
490297,2,CCC,0.562,0.0,0.8571,0.5292,Markov+CF,CCC: commonly chosen next by students with similar outcomes; popular among students with similar study patterns.
490297,3,EEE,0.5506,0.9745,0.1143,0.5991,Content+Markov+CF,EEE: matches your academic profile; popular among students with similar study patterns.
490542,1,EEE,0.1,0.9894,1.0,0.0,Content+Markov,EEE: matches your academic profile; commonly chosen next by students with similar outcomes.
490542,2,CCC,0.0446,0.0,0.4458,0.0,Markov,CCC: commonly chosen next by students with similar outcomes.
490542,3,DDD,0.0421,0.0,0.4211,0.0,Markov,DDD: commonly chosen next by students with similar outcomes.
490768,1,CCC,1.0,0.0,1.0,1.0,Markov+CF,CCC: commonly chosen next by students with similar outcomes; popular among students with similar study patterns.
490768,2,DDD,0.4387,0.0,0.9444,0.3825,Markov+CF,DDD: commonly chosen next by students with similar outcomes; popular among students with similar study patterns.
490768,3,FFF,0.1,0.9382,1.0,0.0,Content+Markov,FFF: matches your academic profile; commonly chosen next by students with similar outcomes.
491926,1,EEE,1.0,1.0,1.0,1.0,Content+Markov+CF,EEE: matches your academic profile; commonly chosen next by students with similar outcomes; popular among students with similar study patterns.
491926,2,CCC,0.0446,0.0,0.4458,0.0,Markov,CCC: commonly chosen next by students with similar outcomes.
491926,3,FFF,0.0446,0.9606,0.4458,0.0,Content+Markov,FFF: matches your academic profile; commonly chosen next by students with similar outcomes.
493763,1,CCC,0.9016,0.0,0.0158,1.0,Markov+CF,CCC: popular among students with similar study patterns.
493763,2,BBB,0.6066,0.9569,1.0,0.5629,Content+Markov+CF,BBB: matches your academic profile; commonly chosen next by students with similar outcomes; popular among students with similar study patterns.
493763,3,FFF,0.4459,0.9622,0.0368,0.4913,Content+Markov+CF,FFF: matches your academic profile; popular among students with similar study patterns.
493988,1,FFF,1.0,0.9564,1.0,1.0,Content+Markov+CF,FFF: matches your academic profile; commonly chosen next by students with similar outcomes; popular among students with similar study patterns.
493988,2,CCC,0.3968,0.0,1.0,0.3298,Markov+CF,CCC: commonly chosen next by students with similar outcomes; popular among students with similar study patterns.
493988,3,DDD,0.0944,0.0,0.9444,0.0,Markov,DDD: commonly chosen next by students with similar outcomes.
494211,1,FFF,1.0,0.9112,1.0,1.0,Content+Markov+CF,FFF: matches your academic profile; commonly chosen next by students with similar outcomes; popular among students with similar study patterns.
494211,2,CCC,0.4221,0.9298,1.0,0.3579,Content+Markov+CF,CCC: matches your academic profile; commonly chosen next by students with similar outcomes; popular among students with similar study patterns.
494211,3,DDD,0.0944,0.8734,0.9444,0.0,Content+Markov,DDD: matches your academic profile; commonly chosen next by students with similar outcomes.
494212,1,CCC,0.9016,0.0,0.0158,1.0,Markov+CF,CCC: popular among students with similar study patterns.
494212,2,BBB,0.8259,0.9458,1.0,0.8066,Content+Markov+CF,BBB: matches your academic profile; commonly chosen next by students with similar outcomes; popular among students with similar study patterns.
494212,3,DDD,0.602,0.0,0.0474,0.6636,Markov+CF,DDD: popular among students with similar study patterns.
494389,1,BBB,0.9007,0.9864,0.0073,1.0,Content+Markov+CF,BBB: matches your academic profile; popular among students with similar study patterns.
494389,2,CCC,0.7156,0.0,0.0073,0.7943,Markov+CF,CCC: popular among students with similar study patterns.
494389,3,EEE,0.1,0.9905,1.0,0.0,Content+Markov,EEE: matches your academic profile; commonly chosen next by students with similar outcomes.
494919,1,BBB,0.9008,0.9225,0.0079,1.0,Content+Markov+CF,BBB: matches your academic profile; popular among students with similar study patterns.
494919,2,EEE,0.1,0.9672,1.0,0.0,Content+Markov,EEE: matches your academic profile; commonly chosen next by students with similar outcomes.
494919,3,GGG,0.0786,1.0,0.0079,0.0865,Content+Markov+CF,GGG: matches your academic profile.
495786,1,BBB,1.0,0.9447,1.0,1.0,Content+Markov+CF,BBB: matches your academic profile; commonly chosen next by students with similar outcomes; popular among students with similar study patterns.
495786,2,GGG,0.7002,1.0,0.0357,0.774,Content+Markov+CF,GGG: matches your academic profile; popular among students with similar study patterns.
495786,3,FFF,0.6099,0.9371,0.0357,0.6737,Content+Markov+CF,FFF: matches your academic profile; popular among students with similar study patterns.
496373,1,BBB,0.1,0.9842,1.0,0.0,Content+Markov,BBB: matches your academic profile; commonly chosen next by students with similar outcomes.
496373,2,FFF,0.0037,1.0,0.0368,0.0,Content+Markov,FFF: matches your academic profile.
496373,3,GGG,0.0026,0.9075,0.0263,0.0,Content+Markov,GGG: matches your academic profile.
497074,1,CCC,0.9143,0.8993,0.1429,1.0,Content+Markov+CF,CCC: matches your academic profile; popular among students with similar study patterns.
497074,2,BBB,0.7814,0.9617,0.1429,0.8523,Content+Markov+CF,BBB: matches your academic profile; popular among students with similar study patterns.
497074,3,DDD,0.319,0.9215,1.0,0.2433,Content+Markov+CF,DDD: matches your academic profile; commonly chosen next by students with similar outcomes.
500006,1,FFF,0.9226,0.9399,0.2263,1.0,Content+Markov+CF,FFF: matches your academic profile; popular among students with similar study patterns.
500006,2,CCC,0.5876,0.0,0.0073,0.6521,Markov+CF,CCC: popular among students with similar study patterns.
500006,3,EEE,0.1,0.9676,1.0,0.0,Content+Markov,EEE: matches your academic profile; commonly chosen next by students with similar outcomes.
500189,1,FFF,1.0,0.8959,1.0,1.0,Content+Markov+CF,FFF: matches your academic profile; commonly chosen next by students with similar outcomes; popular among students with similar study patterns.
500189,2,CCC,0.2424,0.897,0.0323,0.2658,Content+Markov+CF,CCC: matches your academic profile.
500189,3,GGG,0.1789,1.0,0.0323,0.1952,Content+Markov+CF,GGG: matches your academic profile.
500339,1,FFF,0.9071,1.0,0.0714,1.0,Content+Markov+CF,FFF: matches your academic profile; popular among students with similar study patterns.
500339,2,DDD,0.1,0.0,1.0,0.0,Markov,DDD: commonly chosen next by students with similar outcomes.
500339,3,CCC,0.0154,0.0,0.1538,0.0,Markov,CCC: recommended based on available signals.
501755,1,CCC,0.9029,0.8931,0.0286,1.0,Content+Markov+CF,CCC: matches your academic profile; popular among students with similar study patterns.
501755,2,BBB,0.465,0.915,1.0,0.4055,Content+Markov+CF,BBB: matches your academic profile; commonly chosen next by students with similar outcomes; popular among students with similar study patterns.
501755,3,DDD,0.0057,0.8661,0.0571,0.0,Content+Markov,DDD: matches your academic profile.
501867,1,AAA,0.9008,0.9573,0.0079,1.0,Content+Markov+CF,AAA: matches your academic profile; popular among students with similar study patterns.
501867,2,FFF,0.2573,0.9185,0.3386,0.2483,Content+Markov+CF,FFF: matches your academic profile; commonly chosen next by students with similar outcomes.
501867,3,EEE,0.1,0.96,1.0,0.0,Content+Markov,EEE: matches your academic profile; commonly chosen next by students with similar outcomes.
502554,1,CCC,0.9036,0.8721,0.0357,1.0,Content+Markov+CF,CCC: matches your academic profile; popular among students with similar study patterns.
502554,2,EEE,0.1,0.9596,1.0,0.0,Content+Markov,EEE: matches your academic profile; commonly chosen next by students with similar outcomes.
502554,3,FFF,0.075,0.9186,0.75,0.0,Content+Markov,FFF: matches your academic profile; commonly chosen next by students with similar outcomes.
502833,1,BBB,0.9032,0.9803,0.0323,1.0,Content+Markov+CF,BBB: matches your academic profile; popular among students with similar study patterns.
502833,2,DDD,0.6931,0.0,0.8387,0.6769,Markov+CF,DDD: commonly chosen next by students with similar outcomes; popular among students with similar study patterns.
502833,3,FFF,0.1,0.9749,1.0,0.0,Content+Markov,FFF: matches your academic profile; commonly chosen next by students with similar outcomes.
503663,1,AAA,0.9005,0.9923,0.0053,1.0,Content+Markov+CF,AAA: matches your academic profile; popular among students with similar study patterns.
503663,2,EEE,0.7113,1.0,0.0053,0.7897,Content+Markov+CF,EEE: matches your academic profile; popular among students with similar study patterns.
503663,3,FFF,0.4974,0.9599,0.0368,0.5486,Content+Markov+CF,FFF: matches your academic profile; popular among students with similar study patterns.
505333,1,BBB,0.9017,0.9277,0.0172,1.0,Content+Markov+CF,BBB: matches your academic profile; popular among students with similar study patterns.
505333,2,CCC,0.645,0.0,1.0,0.6055,Markov+CF,CCC: commonly chosen next by students with similar outcomes; popular among students with similar study patterns.
505333,3,EEE,0.6197,0.9488,0.0517,0.6828,Content+Markov+CF,EEE: matches your academic profile; popular among students with similar study patterns.
505700,1,CCC,1.0,0.0,1.0,1.0,Markov+CF,CCC: commonly chosen next by students with similar outcomes; popular among students with similar study patterns.
505700,2,FFF,0.6073,0.9417,1.0,0.5637,Content+Markov+CF,FFF: matches your academic profile; commonly chosen next by students with similar outcomes; popular among students with similar study patterns.
505700,3,DDD,0.4273,0.0,0.9444,0.3698,Markov+CF,DDD: commonly chosen next by students with similar outcomes; popular among students with similar study patterns.
506679,1,BBB,1.0,0.9649,1.0,1.0,Content+Markov+CF,BBB: matches your academic profile; commonly chosen next by students with similar outcomes; popular among students with similar study patterns.
506679,2,CCC,0.3833,0.941,0.0158,0.4241,Content+Markov+CF,CCC: matches your academic profile; popular among students with similar study patterns.
506679,3,DDD,0.0047,0.9262,0.0474,0.0,Content+Markov,DDD: matches your academic profile.
508025,1,FFF,0.9446,0.9687,0.4458,1.0,Content+Markov+CF,FFF: matches your academic profile; commonly chosen next by students with similar outcomes; popular among students with similar study patterns.
508025,2,CCC,0.9178,0.0,0.4458,0.9702,Markov+CF,CCC: commonly chosen next by students with similar outcomes; popular among students with similar study patterns.
508025,3,EEE,0.2435,1.0,1.0,0.1594,Content+Markov+CF,EEE: matches your academic profile; commonly chosen next by students with similar outcomes.
508244,1,DDD,0.9944,0.0,0.9444,1.0,Markov+CF,DDD: commonly chosen next by students with similar outcomes; popular among students with similar study patterns.
508244,2,CCC,0.2901,0.0,1.0,0.2112,Markov+CF,CCC: commonly chosen next by students with similar outcomes.
508244,3,FFF,0.1,0.8656,1.0,0.0,Content+Markov,FFF: matches your academic profile; commonly chosen next by students with similar outcomes.
508637,1,BBB,0.9036,0.9285,0.0357,1.0,Content+Markov+CF,BBB: matches your academic profile; popular among students with similar study patterns.
508637,2,EEE,0.4933,0.9611,1.0,0.437,Content+Markov+CF,EEE: matches your academic profile; commonly chosen next by students with similar outcomes; popular among students with similar study patterns.
508637,3,GGG,0.4771,1.0,0.0357,0.5261,Content+Markov+CF,GGG: matches your academic profile; popular among students with similar study patterns.
510401,1,DDD,0.9944,0.0,0.9444,1.0,Markov+CF,DDD: commonly chosen next by students with similar outcomes; popular among students with similar study patterns.
510401,2,FFF,0.6678,0.9919,1.0,0.6309,Content+Markov+CF,FFF: matches your academic profile; commonly chosen next by students with similar outcomes; popular among students with similar study patterns.
510401,3,CCC,0.6352,0.0,1.0,0.5947,Markov+CF,CCC: commonly chosen next by students with similar outcomes; popular among students with similar study patterns.
510460,1,CCC,1.0,0.0,1.0,1.0,Markov+CF,CCC: commonly chosen next by students with similar outcomes; popular among students with similar study patterns.
510460,2,FFF,0.1666,0.9129,1.0,0.074,Content+Markov+CF,FFF: matches your academic profile; commonly chosen next by students with similar outcomes.
510460,3,DDD,0.1663,0.0,0.9444,0.0798,Markov+CF,DDD: commonly chosen next by students with similar outcomes.
510694,1,BBB,0.9007,0.9371,0.0069,1.0,Content+Markov+CF,BBB: matches your academic profile; popular among students with similar study patterns.
510694,2,DDD,0.3349,0.0,0.9444,0.2672,Markov+CF,DDD: commonly chosen next by students with similar outcomes.
510694,3,CCC,0.1,0.0,1.0,0.0,Markov,CCC: commonly chosen next by students with similar outcomes.
512259,1,EEE,1.0,0.964,1.0,1.0,Content+Markov+CF,EEE: matches your academic profile; commonly chosen next by students with similar outcomes; popular among students with similar study patterns.
512259,2,FFF,0.149,0.9275,0.3386,0.1279,Content+Markov+CF,FFF: matches your academic profile; commonly chosen next by students with similar outcomes.
512259,3,CCC,0.0615,0.8713,0.0079,0.0675,Content+Markov+CF,CCC: matches your academic profile.
513854,1,EEE,1.0,1.0,1.0,1.0,Content+Markov+CF,EEE: matches your academic profile; commonly chosen next by students with similar outcomes; popular among students with similar study patterns.
513854,2,CCC,0.0446,0.0,0.4458,0.0,Markov,CCC: commonly chosen next by students with similar outcomes.
513854,3,FFF,0.0446,0.9696,0.4458,0.0,Content+Markov,FFF: matches your academic profile; commonly chosen next by students with similar outcomes.
515046,1,CCC,0.9008,0.8706,0.0079,1.0,Content+Markov+CF,CCC: matches your academic profile; popular among students with similar study patterns.
515046,2,EEE,0.7371,0.9654,1.0,0.7079,Content+Markov+CF,EEE: matches your academic profile; commonly chosen next by students with similar outcomes; popular among students with similar study patterns.
515046,3,FFF,0.0339,0.9307,0.3386,0.0,Content+Markov,FFF: matches your academic profile; commonly chosen next by students with similar outcomes.
515774,1,CCC,0.9022,0.8762,0.0222,1.0,Content+Markov+CF,CCC: matches your academic profile; popular among students with similar study patterns.
515774,2,FFF,0.1894,0.9228,0.9556,0.1043,Content+Markov+CF,FFF: matches your academic profile; commonly chosen next by students with similar outcomes.
515774,3,DDD,0.1,0.8893,1.0,0.0,Content+Markov,DDD: matches your academic profile; commonly chosen next by students with similar outcomes.
516398,1,GGG,0.9019,1.0,0.0192,1.0,Content+Markov+CF,GGG: matches your academic profile; popular among students with similar study patterns.
516398,2,FFF,0.6266,0.9404,0.1731,0.677,Content+Markov+CF,FFF: matches your academic profile; popular among students with similar study patterns.
516398,3,BBB,0.4697,0.9342,0.0192,0.5198,Content+Markov+CF,BBB: matches your academic profile; popular among students with similar study patterns.
516434,1,BBB,0.9143,0.9639,0.1429,1.0,Content+Markov+CF,BBB: matches your academic profile; popular among students with similar study patterns.
516434,2,FFF,0.1873,0.9563,0.4286,0.1605,Content+Markov+CF,FFF: matches your academic profile; commonly chosen next by students with similar outcomes.
516434,3,DDD,0.1,0.9202,1.0,0.0,Content+Markov,DDD: matches your academic profile; commonly chosen next by students with similar outcomes.
521164,1,BBB,0.9763,0.9711,1.0,0.9737,Content+Markov+CF,BBB: matches your academic profile; commonly chosen next by students with similar outcomes; popular among students with similar study patterns.
521164,2,FFF,0.9036,0.9646,0.0357,1.0,Content+Markov+CF,FFF: matches your academic profile; popular among students with similar study patterns.
521164,3,CCC,0.5247,0.0,0.0357,0.579,Markov+CF,CCC: popular among students with similar study patterns.
521542,1,FFF,1.0,0.9657,1.0,1.0,Content+Markov+CF,FFF: matches your academic profile; commonly chosen next by students with similar outcomes; popular among students with similar study patterns.
521542,2,CCC,0.6846,0.0,0.0323,0.7571,Markov+CF,CCC: popular among students with similar study patterns.
521542,3,DDD,0.2487,0.0,0.8387,0.1831,Markov+CF,DDD: commonly chosen next by students with similar outcomes.
522312,1,CCC,0.9008,0.8894,0.0079,1.0,Content+Markov+CF,CCC: matches your academic profile; popular among students with similar study patterns.
522312,2,FFF,0.4057,0.9331,0.3386,0.4132,Content+Markov+CF,FFF: matches your academic profile; commonly chosen next by students with similar outcomes; popular among students with similar study patterns.
522312,3,EEE,0.2072,0.9675,1.0,0.1191,Content+Markov+CF,EEE: matches your academic profile; commonly chosen next by students with similar outcomes.
522484,1,CCC,0.9032,0.0,0.0323,1.0,Markov+CF,CCC: popular among students with similar study patterns.
522484,2,DDD,0.5828,0.0,0.8387,0.5544,Markov+CF,DDD: commonly chosen next by students with similar outcomes; popular among students with similar study patterns.
522484,3,GGG,0.3271,1.0,0.0323,0.3599,Content+Markov+CF,GGG: matches your academic profile; popular among students with similar study patterns.
523335,1,CCC,0.9446,0.0,0.4458,1.0,Markov+CF,CCC: commonly chosen next by students with similar outcomes; popular among students with similar study patterns.
523335,2,BBB,0.2798,0.8428,0.0031,0.3105,Content+Markov+CF,BBB: matches your academic profile; popular among students with similar study patterns.
523335,3,GGG,0.2061,1.0,0.0031,0.2287,Content+Markov+CF,GGG: matches your academic profile.
524378,1,FFF,0.9339,0.9171,0.3386,1.0,Content+Markov+CF,FFF: matches your academic profile; commonly chosen next by students with similar outcomes; popular among students with similar study patterns.
524378,2,EEE,0.4548,0.9588,1.0,0.3942,Content+Markov+CF,EEE: matches your academic profile; commonly chosen next by students with similar outcomes; popular among students with similar study patterns.
524378,3,GGG,0.3045,1.0,0.0079,0.3375,Content+Markov+CF,GGG: matches your academic profile; popular among students with similar study patterns.
524431,1,DDD,0.9115,0.0,0.1154,1.0,Markov+CF,DDD: popular among students with similar study patterns.
524431,2,AAA,0.2778,0.8658,0.0192,0.3065,Content+Markov+CF,AAA: matches your academic profile; popular among students with similar study patterns.
524431,3,CCC,0.2163,0.0,1.0,0.1292,Markov+CF,CCC: commonly chosen next by students with similar outcomes.
525412,1,DDD,0.9766,0.9237,0.766,1.0,Content+Markov+CF,DDD: matches your academic profile; commonly chosen next by students with similar outcomes; popular among students with similar study patterns.
525412,2,BBB,0.8413,0.9502,0.0426,0.9301,Content+Markov+CF,BBB: matches your academic profile; popular among students with similar study patterns.
525412,3,CCC,0.1,0.9255,1.0,0.0,Content+Markov,CCC: matches your academic profile; commonly chosen next by students with similar outcomes.
526601,1,BBB,0.9003,0.9342,0.0031,1.0,Content+Markov+CF,BBB: matches your academic profile; popular among students with similar study patterns.
526601,2,GGG,0.728,1.0,0.0031,0.8085,Content+Markov+CF,GGG: matches your academic profile; popular among students with similar study patterns.
526601,3,EEE,0.1,0.9957,1.0,0.0,Content+Markov,EEE: matches your academic profile; commonly chosen next by students with similar outcomes.
526927,1,CCC,0.9008,0.9129,0.0079,1.0,Content+Markov+CF,CCC: matches your academic profile; popular among students with similar study patterns.
526927,2,AAA,0.5194,0.9742,0.0079,0.5762,Content+Markov+CF,AAA: matches your academic profile; popular among students with similar study patterns.
526927,3,DDD,0.3929,0.9181,0.3543,0.3972,Content+Markov+CF,DDD: matches your academic profile; commonly chosen next by students with similar outcomes; popular among students with similar study patterns.
526948,1,BBB,0.1,1.0,1.0,0.0,Content+Markov,BBB: matches your academic profile; commonly chosen next by students with similar outcomes.
526948,2,DDD,0.0047,0.0,0.0474,0.0,Markov,DDD: recommended based on available signals.
526948,3,GGG,0.0026,0.922,0.0263,0.0,Content+Markov,GGG: matches your academic profile.
527742,1,BBB,1.0,0.973,1.0,1.0,Content+Markov+CF,BBB: matches your academic profile; commonly chosen next by students with similar outcomes; popular among students with similar study patterns.
527742,2,FFF,0.6147,0.9673,0.0357,0.679,Content+Markov+CF,FFF: matches your academic profile; popular among students with similar study patterns.
527742,3,EEE,0.1938,0.9877,0.0357,0.2114,Content+Markov+CF,EEE: matches your academic profile.
528021,1,DDD,0.9944,0.0,0.9444,1.0,Markov+CF,DDD: commonly chosen next by students with similar outcomes; popular among students with similar study patterns.
528021,2,FFF,0.308,0.9508,1.0,0.2311,Content+Markov+CF,FFF: matches your academic profile; commonly chosen next by students with similar outcomes.
528021,3,CCC,0.1,0.0,1.0,0.0,Markov,CCC: commonly chosen next by students with similar outcomes.
528175,1,FFF,0.9071,1.0,0.0714,1.0,Content+Markov+CF,FFF: matches your academic profile; popular among students with similar study patterns.
528175,2,DDD,0.1,0.0,1.0,0.0,Markov,DDD: commonly chosen next by students with similar outcomes.
528175,3,CCC,0.0154,0.0,0.1538,0.0,Markov,CCC: recommended based on available signals.
528506,1,CCC,0.9008,0.0,0.0079,1.0,Markov+CF,CCC: popular among students with similar study patterns.
528506,2,BBB,0.7036,0.9248,0.0079,0.7809,Content+Markov+CF,BBB: matches your academic profile; popular among students with similar study patterns.
528506,3,EEE,0.1,0.9649,1.0,0.0,Content+Markov,EEE: matches your academic profile; commonly chosen next by students with similar outcomes.
528892,1,FFF,0.9339,0.9349,0.3386,1.0,Content+Markov+CF,FFF: matches your academic profile; commonly chosen next by students with similar outcomes; popular among students with similar study patterns.
528892,2,CCC,0.6689,0.9025,0.0079,0.7424,Content+Markov+CF,CCC: matches your academic profile; popular among students with similar study patterns.
528892,3,EEE,0.5072,0.9736,1.0,0.4524,Content+Markov+CF,EEE: matches your academic profile; commonly chosen next by students with similar outcomes; popular among students with similar study patterns.
529025,1,CCC,0.9008,0.0,0.0079,1.0,Markov+CF,CCC: popular among students with similar study patterns.
529025,2,EEE,0.3046,0.9647,1.0,0.2273,Content+Markov+CF,EEE: matches your academic profile; commonly chosen next by students with similar outcomes.
529025,3,FFF,0.1115,0.9177,0.3386,0.0863,Content+Markov+CF,FFF: matches your academic profile; commonly chosen next by students with similar outcomes.
529078,1,FFF,0.9226,0.9109,0.2263,1.0,Content+Markov+CF,FFF: matches your academic profile; popular among students with similar study patterns.
529078,2,BBB,0.4256,0.9184,0.0073,0.4721,Content+Markov+CF,BBB: matches your academic profile; popular among students with similar study patterns.
529078,3,EEE,0.1909,0.9512,1.0,0.101,Content+Markov+CF,EEE: matches your academic profile; commonly chosen next by students with similar outcomes.
529309,1,EEE,0.1,1.0,1.0,0.0,Content+Markov,EEE: matches your academic profile; commonly chosen next by students with similar outcomes.
529309,2,CCC,0.0446,0.0,0.4458,0.0,Markov,CCC: commonly chosen next by students with similar outcomes.
529309,3,DDD,0.0421,0.0,0.4211,0.0,Markov,DDD: commonly chosen next by students with similar outcomes.
529512,1,CCC,1.0,0.0,1.0,1.0,Markov+CF,CCC: commonly chosen next by students with similar outcomes; popular among students with similar study patterns.
529512,2,DDD,0.19,0.0,0.9444,0.1062,Markov+CF,DDD: commonly chosen next by students with similar outcomes.
529512,3,FFF,0.1,0.9564,1.0,0.0,Content+Markov,FFF: matches your academic profile; commonly chosen next by students with similar outcomes.
529670,1,EEE,0.9003,0.9603,0.0033,1.0,Content+Markov+CF,EEE: matches your academic profile; popular among students with similar study patterns.
529670,2,CCC,0.402,0.9164,1.0,0.3355,Content+Markov+CF,CCC: matches your academic profile; commonly chosen next by students with similar outcomes; popular among students with similar study patterns.
529670,3,FFF,0.0023,0.921,0.0228,0.0,Content+Markov,FFF: matches your academic profile.
529723,1,CCC,0.9446,0.0,0.4458,1.0,Markov+CF,CCC: commonly chosen next by students with similar outcomes; popular among students with similar study patterns.
529723,2,BBB,0.7044,0.9587,0.0031,0.7823,Content+Markov+CF,BBB: matches your academic profile; popular among students with similar study patterns.
529723,3,EEE,0.5099,1.0,1.0,0.4554,Content+Markov+CF,EEE: matches your academic profile; commonly chosen next by students with similar outcomes; popular among students with similar study patterns.
531075,1,EEE,0.1,1.0,1.0,0.0,Content+Markov,EEE: matches your academic profile; commonly chosen next by students with similar outcomes.
531075,2,CCC,0.0446,0.0,0.4458,0.0,Markov,CCC: commonly chosen next by students with similar outcomes.
531075,3,FFF,0.0446,0.9952,0.4458,0.0,Content+Markov,FFF: matches your academic profile; commonly chosen next by students with similar outcomes.
532020,1,FFF,0.9339,0.9264,0.3386,1.0,Content+Markov+CF,FFF: matches your academic profile; commonly chosen next by students with similar outcomes; popular among students with similar study patterns.
532020,2,EEE,0.4536,0.9682,1.0,0.3929,Content+Markov+CF,EEE: matches your academic profile; commonly chosen next by students with similar outcomes; popular among students with similar study patterns.
532020,3,BBB,0.4361,0.9328,0.0079,0.4837,Content+Markov+CF,BBB: matches your academic profile; popular among students with similar study patterns.
532579,1,BBB,0.9003,0.9226,0.0033,1.0,Content+Markov+CF,BBB: matches your academic profile; popular among students with similar study patterns.
532579,2,DDD,0.6574,0.8795,0.0228,0.7279,Content+Markov+CF,DDD: matches your academic profile; popular among students with similar study patterns.
532579,3,CCC,0.2885,0.8499,1.0,0.2094,Content+Markov+CF,CCC: matches your academic profile; commonly chosen next by students with similar outcomes.
532859,1,BBB,0.9007,0.9857,0.0073,1.0,Content+Markov+CF,BBB: matches your academic profile; popular among students with similar study patterns.
532859,2,GGG,0.6858,0.9441,0.0073,0.7612,Content+Markov+CF,GGG: matches your academic profile; popular among students with similar study patterns.
532859,3,CCC,0.5317,0.0,0.0073,0.59,Markov+CF,CCC: popular among students with similar study patterns.
533004,1,BBB,0.9007,0.9448,0.0073,1.0,Content+Markov+CF,BBB: matches your academic profile; popular among students with similar study patterns.
533004,2,CCC,0.2339,0.0,0.0073,0.2591,Markov+CF,CCC: recommended based on available signals.
533004,3,EEE,0.1,0.9562,1.0,0.0,Content+Markov,EEE: matches your academic profile; commonly chosen next by students with similar outcomes.
533311,1,FFF,1.0,0.9565,1.0,1.0,Content+Markov+CF,FFF: matches your academic profile; commonly chosen next by students with similar outcomes; popular among students with similar study patterns.
533311,2,CCC,0.9027,0.0,1.0,0.8919,Markov+CF,CCC: commonly chosen next by students with similar outcomes; popular among students with similar study patterns.
533311,3,DDD,0.8972,0.0,0.9444,0.8919,Markov+CF,DDD: commonly chosen next by students with similar outcomes; popular among students with similar study patterns.
534093,1,BBB,0.9008,0.9238,0.0079,1.0,Content+Markov+CF,BBB: matches your academic profile; popular among students with similar study patterns.
534093,2,FFF,0.5378,0.9165,0.3386,0.5599,Content+Markov+CF,FFF: matches your academic profile; commonly chosen next by students with similar outcomes; popular among students with similar study patterns.
534093,3,CCC,0.4752,0.8785,0.0079,0.5271,Content+Markov+CF,CCC: matches your academic profile; popular among students with similar study patterns.
534203,1,FFF,0.9446,0.9401,0.4458,1.0,Content+Markov+CF,FFF: matches your academic profile; commonly chosen next by students with similar outcomes; popular among students with similar study patterns.
534203,2,CCC,0.6458,0.0,0.4458,0.668,Markov+CF,CCC: commonly chosen next by students with similar outcomes; popular among students with similar study patterns.
534203,3,GGG,0.3435,1.0,0.0031,0.3813,Content+Markov+CF,GGG: matches your academic profile; popular among students with similar study patterns.
535259,1,BBB,0.9032,0.899,0.0323,1.0,Content+Markov+CF,BBB: matches your academic profile; popular among students with similar study patterns.
535259,2,GGG,0.8692,1.0,0.0323,0.9622,Content+Markov+CF,GGG: matches your academic profile; popular among students with similar study patterns.
535259,3,FFF,0.1,0.8914,1.0,0.0,Content+Markov,FFF: matches your academic profile; commonly chosen next by students with similar outcomes.
536170,1,CCC,0.9036,0.8893,0.0357,1.0,Content+Markov+CF,CCC: matches your academic profile; popular among students with similar study patterns.
536170,2,GGG,0.635,1.0,0.0357,0.7016,Content+Markov+CF,GGG: matches your academic profile; popular among students with similar study patterns.
536170,3,FFF,0.5999,0.9316,0.75,0.5832,Content+Markov+CF,FFF: matches your academic profile; commonly chosen next by students with similar outcomes; popular among students with similar study patterns.
536261,1,EEE,1.0,0.971,1.0,1.0,Content+Markov+CF,EEE: matches your academic profile; commonly chosen next by students with similar outcomes; popular among students with similar study patterns.
536261,2,CCC,0.5656,0.0,0.0079,0.6276,Markov+CF,CCC: popular among students with similar study patterns.
536261,3,FFF,0.1466,0.9251,0.3386,0.1253,Content+Markov+CF,FFF: matches your academic profile; commonly chosen next by students with similar outcomes.
536536,1,FFF,0.9446,0.9585,0.4458,1.0,Content+Markov+CF,FFF: matches your academic profile; commonly chosen next by students with similar outcomes; popular among students with similar study patterns.
536536,2,BBB,0.36,0.9518,0.0031,0.3997,Content+Markov+CF,BBB: matches your academic profile; popular among students with similar study patterns.
536536,3,GGG,0.3326,0.9842,0.0031,0.3692,Content+Markov+CF,GGG: matches your academic profile; popular among students with similar study patterns.
537603,1,CCC,0.9007,0.0,0.0073,1.0,Markov+CF,CCC: popular among students with similar study patterns.
537603,2,FFF,0.4352,0.9218,0.2263,0.4584,Content+Markov+CF,FFF: matches your academic profile; popular among students with similar study patterns.
537603,3,BBB,0.1826,0.9279,0.0073,0.2021,Content+Markov+CF,BBB: matches your academic profile.
537658,1,BBB,0.9007,0.9708,0.0073,1.0,Content+Markov+CF,BBB: matches your academic profile; popular among students with similar study patterns.
537658,2,EEE,0.1,0.9848,1.0,0.0,Content+Markov,EEE: matches your academic profile; commonly chosen next by students with similar outcomes.
537658,3,FFF,0.0226,0.9666,0.2263,0.0,Content+Markov,FFF: matches your academic profile.
537811,1,FFF,0.9016,0.9452,0.0156,1.0,Content+Markov+CF,FFF: matches your academic profile; popular among students with similar study patterns.
537811,2,CCC,0.1,0.9061,1.0,0.0,Content+Markov,CCC: matches your academic profile; commonly chosen next by students with similar outcomes.
537811,3,EEE,0.0031,0.9743,0.0312,0.0,Content+Markov,EEE: matches your academic profile.
538887,1,DDD,0.9944,0.0,0.9444,1.0,Markov+CF,DDD: commonly chosen next by students with similar outcomes; popular among students with similar study patterns.
538887,2,CCC,0.1,0.0,1.0,0.0,Markov,CCC: commonly chosen next by students with similar outcomes.
538887,3,FFF,0.1,0.9498,1.0,0.0,Content+Markov,FFF: matches your academic profile; commonly chosen next by students with similar outcomes.
539514,1,CCC,0.9007,0.8533,0.0073,1.0,Content+Markov+CF,CCC: matches your academic profile; popular among students with similar study patterns.
539514,2,EEE,0.1,0.9483,1.0,0.0,Content+Markov,EEE: matches your academic profile; commonly chosen next by students with similar outcomes.
539514,3,DDD,0.019,0.8848,0.1898,0.0,Content+Markov,DDD: matches your academic profile.
539695,1,CCC,0.1,0.0,1.0,0.0,Markov,CCC: commonly chosen next by students with similar outcomes.
539695,2,FFF,0.1,1.0,1.0,0.0,Content+Markov,FFF: matches your academic profile; commonly chosen next by students with similar outcomes.
539695,3,DDD,0.0944,0.0,0.9444,0.0,Markov,DDD: commonly chosen next by students with similar outcomes.
540694,1,FFF,0.9446,0.9249,0.4458,1.0,Content+Markov+CF,FFF: matches your academic profile; commonly chosen next by students with similar outcomes; popular among students with similar study patterns.
540694,2,GGG,0.4231,1.0,0.0031,0.4698,Content+Markov+CF,GGG: matches your academic profile; popular among students with similar study patterns.
540694,3,CCC,0.1958,0.0,0.4458,0.168,Markov+CF,CCC: commonly chosen next by students with similar outcomes.
541040,1,CCC,0.1,0.9865,1.0,0.0,Content+Markov,CCC: matches your academic profile; commonly chosen next by students with similar outcomes.
541040,2,FFF,0.1,0.9303,1.0,0.0,Content+Markov,FFF: matches your academic profile; commonly chosen next by students with similar outcomes.
541040,3,DDD,0.0944,0.9068,0.9444,0.0,Content+Markov,DDD: matches your academic profile; commonly chosen next by students with similar outcomes.
541999,1,BBB,0.9017,0.912,0.0172,1.0,Content+Markov+CF,BBB: matches your academic profile; popular among students with similar study patterns.
541999,2,CCC,0.336,0.8651,1.0,0.2622,Content+Markov+CF,CCC: matches your academic profile; commonly chosen next by students with similar outcomes.
541999,3,EEE,0.266,0.9336,0.0517,0.2898,Content+Markov+CF,EEE: matches your academic profile.
542054,1,CCC,0.9446,0.0,0.4458,1.0,Markov+CF,CCC: commonly chosen next by students with similar outcomes; popular among students with similar study patterns.
542054,2,FFF,0.2628,0.9141,0.4458,0.2425,Content+Markov+CF,FFF: matches your academic profile; commonly chosen next by students with similar outcomes.
542054,3,EEE,0.2121,0.9858,1.0,0.1246,Content+Markov+CF,EEE: matches your academic profile; commonly chosen next by students with similar outcomes.
542180,1,BBB,0.9003,0.9867,0.0031,1.0,Content+Markov+CF,BBB: matches your academic profile; popular among students with similar study patterns.
542180,2,AAA,0.3225,0.9549,0.0031,0.358,Content+Markov+CF,AAA: matches your academic profile; popular among students with similar study patterns.
542180,3,EEE,0.1,0.9882,1.0,0.0,Content+Markov,EEE: matches your academic profile; commonly chosen next by students with similar outcomes.
543417,1,DDD,0.9944,0.0,0.9444,1.0,Markov+CF,DDD: commonly chosen next by students with similar outcomes; popular among students with similar study patterns.
543417,2,CCC,0.8468,0.0,1.0,0.8298,Markov+CF,CCC: commonly chosen next by students with similar outcomes; popular among students with similar study patterns.
543417,3,FFF,0.1,0.9896,1.0,0.0,Content+Markov,FFF: matches your academic profile; commonly chosen next by students with similar outcomes.
543953,1,BBB,0.9003,0.9655,0.0031,1.0,Content+Markov+CF,BBB: matches your academic profile; popular among students with similar study patterns.
543953,2,CCC,0.7156,0.0,0.4458,0.7456,Markov+CF,CCC: commonly chosen next by students with similar outcomes; popular among students with similar study patterns.
543953,3,GGG,0.4751,0.9711,0.0031,0.5276,Content+Markov+CF,GGG: matches your academic profile; popular among students with similar study patterns.
544467,1,GGG,0.9003,0.9845,0.0031,1.0,Content+Markov+CF,GGG: matches your academic profile; popular among students with similar study patterns.
544467,2,BBB,0.5504,0.952,0.0031,0.6112,Content+Markov+CF,BBB: matches your academic profile; popular among students with similar study patterns.
544467,3,EEE,0.1,1.0,1.0,0.0,Content+Markov,EEE: matches your academic profile; commonly chosen next by students with similar outcomes.
544594,1,FFF,0.975,0.9274,0.75,1.0,Content+Markov+CF,FFF: matches your academic profile; commonly chosen next by students with similar outcomes; popular among students with similar study patterns.
544594,2,CCC,0.2101,0.8895,0.0357,0.2295,Content+Markov+CF,CCC: matches your academic profile.
544594,3,EEE,0.1,0.9647,1.0,0.0,Content+Markov,EEE: matches your academic profile; commonly chosen next by students with similar outcomes.
544839,1,EEE,1.0,0.9626,1.0,1.0,Content+Markov+CF,EEE: matches your academic profile; commonly chosen next by students with similar outcomes; popular among students with similar study patterns.
544839,2,FFF,0.9314,0.9259,0.75,0.9515,Content+Markov+CF,FFF: matches your academic profile; commonly chosen next by students with similar outcomes; popular among students with similar study patterns.
544839,3,CCC,0.9036,0.8703,0.0357,1.0,Content+Markov+CF,CCC: matches your academic profile; popular among students with similar study patterns.
545118,1,BBB,0.9007,0.9616,0.0073,1.0,Content+Markov+CF,BBB: matches your academic profile; popular among students with similar study patterns.
545118,2,EEE,0.1,0.9788,1.0,0.0,Content+Markov,EEE: matches your academic profile; commonly chosen next by students with similar outcomes.
545118,3,CCC,0.0684,0.0,0.0073,0.0752,Markov+CF,CCC: recommended based on available signals.
545255,1,CCC,0.9007,0.8878,0.0073,1.0,Content+Markov+CF,CCC: matches your academic profile; popular among students with similar study patterns.
545255,2,FFF,0.1255,0.9158,0.2263,0.1143,Content+Markov+CF,FFF: matches your academic profile.
545255,3,EEE,0.1,0.9541,1.0,0.0,Content+Markov,EEE: matches your academic profile; commonly chosen next by students with similar outcomes.
545704,1,FFF,0.9339,0.9213,0.3386,1.0,Content+Markov+CF,FFF: matches your academic profile; commonly chosen next by students with similar outcomes; popular among students with similar study patterns.
545704,2,BBB,0.2515,0.9283,0.0079,0.2786,Content+Markov+CF,BBB: matches your academic profile.
545704,3,EEE,0.2329,0.9636,1.0,0.1477,Content+Markov+CF,EEE: matches your academic profile; commonly chosen next by students with similar outcomes.
546654,1,GGG,0.9008,1.0,0.0079,1.0,Content+Markov+CF,GGG: matches your academic profile; popular among students with similar study patterns.
546654,2,CCC,0.5322,0.9828,0.0079,0.5905,Content+Markov+CF,CCC: matches your academic profile; popular among students with similar study patterns.
546654,3,BBB,0.2733,0.9708,0.0079,0.3028,Content+Markov+CF,BBB: matches your academic profile; popular among students with similar study patterns.
546675,1,CCC,0.9446,0.0,0.4458,1.0,Markov+CF,CCC: commonly chosen next by students with similar outcomes; popular among students with similar study patterns.
546675,2,BBB,0.849,0.9705,0.0031,0.943,Content+Markov+CF,BBB: matches your academic profile; popular among students with similar study patterns.
546675,3,EEE,0.1,1.0,1.0,0.0,Content+Markov,EEE: matches your academic profile; commonly chosen next by students with similar outcomes.
546934,1,BBB,0.9003,0.9491,0.0031,1.0,Content+Markov+CF,BBB: matches your academic profile; popular among students with similar study patterns.
546934,2,DDD,0.6247,0.0,0.4211,0.6473,Markov+CF,DDD: commonly chosen next by students with similar outcomes; popular among students with similar study patterns.
546934,3,GGG,0.5854,0.9692,0.0031,0.6501,Content+Markov+CF,GGG: matches your academic profile; popular among students with similar study patterns.
547128,1,AAA,0.9003,0.9049,0.0031,1.0,Content+Markov+CF,AAA: matches your academic profile; popular among students with similar study patterns.
547128,2,DDD,0.318,0.0,0.4211,0.3066,Markov+CF,DDD: commonly chosen next by students with similar outcomes; popular among students with similar study patterns.
547128,3,GGG,0.1328,0.9728,0.0031,0.1472,Content+Markov+CF,GGG: matches your academic profile.
548677,1,BBB,0.9008,0.9245,0.0079,1.0,Content+Markov+CF,BBB: matches your academic profile; popular among students with similar study patterns.
548677,2,EEE,0.1,0.9588,1.0,0.0,Content+Markov,EEE: matches your academic profile; commonly chosen next by students with similar outcomes.
548677,3,FFF,0.0339,0.9172,0.3386,0.0,Content+Markov,FFF: matches your academic profile; commonly chosen next by students with similar outcomes.
548764,1,CCC,0.9007,0.8853,0.0073,1.0,Content+Markov+CF,CCC: matches your academic profile; popular among students with similar study patterns.
548764,2,EEE,0.1,0.9534,1.0,0.0,Content+Markov,EEE: matches your academic profile; commonly chosen next by students with similar outcomes.
548764,3,DDD,0.019,0.8843,0.1898,0.0,Content+Markov,DDD: matches your academic profile.
549113,1,FFF,0.9446,0.9248,0.4458,1.0,Content+Markov+CF,FFF: matches your academic profile; commonly chosen next by students with similar outcomes; popular among students with similar study patterns.
549113,2,CCC,0.434,0.0,0.4458,0.4327,Markov+CF,CCC: commonly chosen next by students with similar outcomes; popular among students with similar study patterns.
549113,3,GGG,0.4251,1.0,0.0031,0.472,Content+Markov+CF,GGG: matches your academic profile; popular among students with similar study patterns.
549706,1,BBB,0.9008,0.9206,0.0079,1.0,Content+Markov+CF,BBB: matches your academic profile; popular among students with similar study patterns.
549706,2,EEE,0.4283,0.9572,1.0,0.3648,Content+Markov+CF,EEE: matches your academic profile; commonly chosen next by students with similar outcomes; popular among students with similar study patterns.
549706,3,CCC,0.206,0.8733,0.0079,0.228,Content+Markov+CF,CCC: matches your academic profile.
549783,1,EEE,0.9522,0.954,1.0,0.9469,Content+Markov+CF,EEE: matches your academic profile; commonly chosen next by students with similar outcomes; popular among students with similar study patterns.
549783,2,CCC,0.9036,0.851,0.0357,1.0,Content+Markov+CF,CCC: matches your academic profile; popular among students with similar study patterns.
549783,3,FFF,0.3972,0.9105,0.75,0.358,Content+Markov+CF,FFF: matches your academic profile; commonly chosen next by students with similar outcomes; popular among students with similar study patterns.
550092,1,FFF,0.9226,0.94,0.2263,1.0,Content+Markov+CF,FFF: matches your academic profile; popular among students with similar study patterns.
550092,2,EEE,0.3849,0.971,1.0,0.3166,Content+Markov+CF,EEE: matches your academic profile; commonly chosen next by students with similar outcomes; popular among students with similar study patterns.
550092,3,CCC,0.0732,0.0,0.0073,0.0805,Markov+CF,CCC: recommended based on available signals.
550393,1,FFF,1.0,0.9518,1.0,1.0,Content+Markov+CF,FFF: matches your academic profile; commonly chosen next by students with similar outcomes; popular among students with similar study patterns.
550393,2,CCC,0.4342,0.0,0.0323,0.4789,Markov+CF,CCC: popular among students with similar study patterns.
550393,3,DDD,0.0839,0.0,0.8387,0.0,Markov,DDD: commonly chosen next by students with similar outcomes.
550545,1,CCC,0.9446,0.9502,0.4458,1.0,Content+Markov+CF,CCC: matches your academic profile; commonly chosen next by students with similar outcomes; popular among students with similar study patterns.
550545,2,FFF,0.5901,0.9429,0.4458,0.6061,Content+Markov+CF,FFF: matches your academic profile; commonly chosen next by students with similar outcomes; popular among students with similar study patterns.
550545,3,EEE,0.4207,0.9736,1.0,0.3563,Content+Markov+CF,EEE: matches your academic profile; commonly chosen next by students with similar outcomes; popular among students with similar study patterns.
550814,1,CCC,0.9008,0.9069,0.0079,1.0,Content+Markov+CF,CCC: matches your academic profile; popular among students with similar study patterns.
550814,2,FFF,0.4747,0.9525,0.3386,0.4898,Content+Markov+CF,FFF: matches your academic profile; commonly chosen next by students with similar outcomes; popular among students with similar study patterns.
550814,3,GGG,0.2317,0.9876,0.0079,0.2566,Content+Markov+CF,GGG: matches your academic profile.
550893,1,FFF,0.917,0.9602,0.1702,1.0,Content+Markov+CF,FFF: matches your academic profile; popular among students with similar study patterns.
550893,2,CCC,0.4712,0.0,1.0,0.4125,Markov+CF,CCC: commonly chosen next by students with similar outcomes; popular among students with similar study patterns.
550893,3,EEE,0.3755,0.984,0.0426,0.4125,Content+Markov+CF,EEE: matches your academic profile; popular among students with similar study patterns.
551214,1,EEE,1.0,0.9711,1.0,1.0,Content+Markov+CF,EEE: matches your academic profile; commonly chosen next by students with similar outcomes; popular among students with similar study patterns.
551214,2,CCC,0.4488,0.0,0.0079,0.4978,Markov+CF,CCC: popular among students with similar study patterns.
551214,3,FFF,0.0339,0.9331,0.3386,0.0,Content+Markov,FFF: matches your academic profile; commonly chosen next by students with similar outcomes.
551397,1,CCC,0.9008,0.8509,0.0079,1.0,Content+Markov+CF,CCC: matches your academic profile; popular among students with similar study patterns.
551397,2,EEE,0.2468,0.9567,1.0,0.1631,Content+Markov+CF,EEE: matches your academic profile; commonly chosen next by students with similar outcomes.
551397,3,BBB,0.0705,0.9225,0.0079,0.0775,Content+Markov+CF,BBB: matches your academic profile.
551791,1,GGG,0.9003,1.0,0.0031,1.0,Content+Markov+CF,GGG: matches your academic profile; popular among students with similar study patterns.
551791,2,BBB,0.3375,0.9121,0.0031,0.3747,Content+Markov+CF,BBB: matches your academic profile; popular among students with similar study patterns.
551791,3,EEE,0.1,0.9826,1.0,0.0,Content+Markov,EEE: matches your academic profile; commonly chosen next by students with similar outcomes.
552255,1,FFF,0.9446,0.9862,0.4458,1.0,Content+Markov+CF,FFF: matches your academic profile; commonly chosen next by students with similar outcomes; popular among students with similar study patterns.
552255,2,CCC,0.4024,0.0,0.4458,0.3976,Markov+CF,CCC: commonly chosen next by students with similar outcomes; popular among students with similar study patterns.
552255,3,BBB,0.3123,0.9762,0.0031,0.3467,Content+Markov+CF,BBB: matches your academic profile; popular among students with similar study patterns.
553280,1,FFF,0.975,0.9586,0.75,1.0,Content+Markov+CF,FFF: matches your academic profile; commonly chosen next by students with similar outcomes; popular among students with similar study patterns.
553280,2,BBB,0.6329,0.9605,0.0357,0.6992,Content+Markov+CF,BBB: matches your academic profile; popular among students with similar study patterns.
553280,3,CCC,0.2387,0.0,0.0357,0.2613,Markov+CF,CCC: recommended based on available signals.
553568,1,DDD,0.9944,0.0,0.9444,1.0,Markov+CF,DDD: commonly chosen next by students with similar outcomes; popular among students with similar study patterns.
553568,2,CCC,0.1,0.0,1.0,0.0,Markov,CCC: commonly chosen next by students with similar outcomes.
553568,3,FFF,0.1,0.9238,1.0,0.0,Content+Markov,FFF: matches your academic profile; commonly chosen next by students with similar outcomes.
553719,1,FFF,0.975,0.9274,0.75,1.0,Content+Markov+CF,FFF: matches your academic profile; commonly chosen next by students with similar outcomes; popular among students with similar study patterns.
553719,2,CCC,0.2356,0.8907,0.0357,0.2578,Content+Markov+CF,CCC: matches your academic profile.
553719,3,EEE,0.1,0.9651,1.0,0.0,Content+Markov,EEE: matches your academic profile; commonly chosen next by students with similar outcomes.
554459,1,DDD,0.9023,0.8914,0.0228,1.0,Content+Markov+CF,DDD: matches your academic profile; popular among students with similar study patterns.
554459,2,CCC,0.1,0.8832,1.0,0.0,Content+Markov,CCC: matches your academic profile; commonly chosen next by students with similar outcomes.
554459,3,FFF,0.0023,0.9202,0.0228,0.0,Content+Markov,FFF: matches your academic profile.
554470,1,CCC,0.9043,0.0,0.4458,0.9552,Markov+CF,CCC: commonly chosen next by students with similar outcomes; popular among students with similar study patterns.
554470,2,BBB,0.9003,0.9657,0.0031,1.0,Content+Markov+CF,BBB: matches your academic profile; popular among students with similar study patterns.
554470,3,GGG,0.4697,0.9717,0.0031,0.5215,Content+Markov+CF,GGG: matches your academic profile; popular among students with similar study patterns.
554583,1,DDD,1.0,0.9109,1.0,1.0,Content+Markov+CF,DDD: matches your academic profile; commonly chosen next by students with similar outcomes; popular among students with similar study patterns.
554583,2,CCC,0.3052,0.8951,0.0222,0.3366,Content+Markov+CF,CCC: matches your academic profile; popular among students with similar study patterns.
554583,3,FFF,0.1829,0.9388,0.9556,0.097,Content+Markov+CF,FFF: matches your academic profile; commonly chosen next by students with similar outcomes.
554691,1,EEE,1.0,0.9677,1.0,1.0,Content+Markov+CF,EEE: matches your academic profile; commonly chosen next by students with similar outcomes; popular among students with similar study patterns.
554691,2,FFF,0.2582,0.9204,0.4458,0.2373,Content+Markov+CF,FFF: matches your academic profile; commonly chosen next by students with similar outcomes.
554691,3,CCC,0.2528,0.9451,0.4458,0.2313,Content+Markov+CF,CCC: matches your academic profile; commonly chosen next by students with similar outcomes.
554761,1,GGG,0.9007,1.0,0.0073,1.0,Content+Markov+CF,GGG: matches your academic profile; popular among students with similar study patterns.
554761,2,BBB,0.5675,0.9221,0.0073,0.6298,Content+Markov+CF,BBB: matches your academic profile; popular among students with similar study patterns.
554761,3,DDD,0.1498,0.0,0.1898,0.1454,Markov+CF,DDD: recommended based on available signals.
554881,1,FFF,0.9021,0.9589,0.0213,1.0,Content+Markov+CF,FFF: matches your academic profile; popular among students with similar study patterns.
554881,2,CCC,0.1,0.9424,1.0,0.0,Content+Markov,CCC: matches your academic profile; commonly chosen next by students with similar outcomes.
554881,3,EEE,0.052,0.9778,0.016,0.056,Content+Markov+CF,EEE: matches your academic profile.
556251,1,BBB,0.9008,0.9375,0.0079,1.0,Content+Markov+CF,BBB: matches your academic profile; popular among students with similar study patterns.
556251,2,EEE,0.1988,0.9748,1.0,0.1098,Content+Markov+CF,EEE: matches your academic profile; commonly chosen next by students with similar outcomes.
556251,3,CCC,0.0996,0.0,0.0079,0.1098,Markov+CF,CCC: recommended based on available signals.
556440,1,EEE,1.0,0.9664,1.0,1.0,Content+Markov+CF,EEE: matches your academic profile; commonly chosen next by students with similar outcomes; popular among students with similar study patterns.
556440,2,CCC,0.7919,0.923,0.0073,0.8791,Content+Markov+CF,CCC: matches your academic profile; popular among students with similar study patterns.
556440,3,DDD,0.4564,0.9141,0.1898,0.486,Content+Markov+CF,DDD: matches your academic profile; popular among students with similar study patterns.
556450,1,DDD,0.9052,0.0,0.0517,1.0,Markov+CF,DDD: popular among students with similar study patterns.
556450,2,BBB,0.7456,0.9542,0.0172,0.8265,Content+Markov+CF,BBB: matches your academic profile; popular among students with similar study patterns.
556450,3,CCC,0.1,0.0,1.0,0.0,Markov,CCC: commonly chosen next by students with similar outcomes.
556709,1,FFF,0.9334,0.9756,1.0,0.926,Content+Markov+CF,FFF: matches your academic profile; commonly chosen next by students with similar outcomes; popular among students with similar study patterns.
556709,2,BBB,0.9007,0.9656,0.0069,1.0,Content+Markov+CF,BBB: matches your academic profile; popular among students with similar study patterns.
556709,3,GGG,0.2219,1.0,0.0069,0.2458,Content+Markov+CF,GGG: matches your academic profile.
556836,1,DDD,0.1,0.0,1.0,0.0,Markov,DDD: commonly chosen next by students with similar outcomes.
556836,2,CCC,0.0154,0.0,0.1538,0.0,Markov,CCC: recommended based on available signals.
556836,3,FFF,0.0071,1.0,0.0714,0.0,Content+Markov,FFF: matches your academic profile.
556918,1,BBB,0.9003,0.9118,0.0031,1.0,Content+Markov+CF,BBB: matches your academic profile; popular among students with similar study patterns.
556918,2,EEE,0.1,0.9838,1.0,0.0,Content+Markov,EEE: matches your academic profile; commonly chosen next by students with similar outcomes.
556918,3,CCC,0.0446,0.0,0.4458,0.0,Markov,CCC: commonly chosen next by students with similar outcomes.
557085,1,FFF,0.9016,0.9659,0.0156,1.0,Content+Markov+CF,FFF: matches your academic profile; popular among students with similar study patterns.
557085,2,CCC,0.7153,0.972,1.0,0.6837,Content+Markov+CF,CCC: matches your academic profile; commonly chosen next by students with similar outcomes; popular among students with similar study patterns.
557085,3,DDD,0.2564,0.9421,0.0156,0.2832,Content+Markov+CF,DDD: matches your academic profile.
558463,1,BBB,0.9022,0.9238,0.0222,1.0,Content+Markov+CF,BBB: matches your academic profile; popular among students with similar study patterns.
558463,2,FFF,0.6129,0.9162,0.9556,0.5748,Content+Markov+CF,FFF: matches your academic profile; commonly chosen next by students with similar outcomes; popular among students with similar study patterns.
558463,3,CCC,0.2634,0.8505,0.0222,0.2902,Content+Markov+CF,CCC: matches your academic profile.
559469,1,FFF,0.9446,0.9076,0.4458,1.0,Content+Markov+CF,FFF: matches your academic profile; commonly chosen next by students with similar outcomes; popular among students with similar study patterns.
559469,2,CCC,0.4513,0.0,0.4458,0.4519,Markov+CF,CCC: commonly chosen next by students with similar outcomes; popular among students with similar study patterns.
559469,3,EEE,0.1,0.9561,1.0,0.0,Content+Markov,EEE: matches your academic profile; commonly chosen next by students with similar outcomes.
559706,1,EEE,1.0,0.959,1.0,1.0,Content+Markov+CF,EEE: matches your academic profile; commonly chosen next by students with similar outcomes; popular among students with similar study patterns.
559706,2,GGG,0.3852,1.0,0.0079,0.4271,Content+Markov+CF,GGG: matches your academic profile; popular among students with similar study patterns.
559706,3,FFF,0.3267,0.9083,0.3386,0.3254,Content+Markov+CF,FFF: matches your academic profile; commonly chosen next by students with similar outcomes; popular among students with similar study patterns.
559770,1,DDD,0.9354,0.8876,0.3543,1.0,Content+Markov+CF,DDD: matches your academic profile; commonly chosen next by students with similar outcomes; popular among students with similar study patterns.
559770,2,GGG,0.4122,1.0,0.0079,0.4571,Content+Markov+CF,GGG: matches your academic profile; popular among students with similar study patterns.
559770,3,AAA,0.3192,0.9645,0.0079,0.3538,Content+Markov+CF,AAA: matches your academic profile; popular among students with similar study patterns.
560114,1,CCC,0.9008,0.8538,0.0079,1.0,Content+Markov+CF,CCC: matches your academic profile; popular among students with similar study patterns.
560114,2,GGG,0.5674,1.0,0.0079,0.6296,Content+Markov+CF,GGG: matches your academic profile; popular among students with similar study patterns.
560114,3,FFF,0.4852,0.9139,0.3386,0.5015,Content+Markov+CF,FFF: matches your academic profile; commonly chosen next by students with similar outcomes; popular among students with similar study patterns.
560311,1,FFF,0.975,0.9215,0.75,1.0,Content+Markov+CF,FFF: matches your academic profile; commonly chosen next by students with similar outcomes; popular among students with similar study patterns.
560311,2,BBB,0.5566,0.9285,0.0357,0.6145,Content+Markov+CF,BBB: matches your academic profile; popular among students with similar study patterns.
560311,3,CCC,0.2397,0.8716,0.0357,0.2624,Content+Markov+CF,CCC: matches your academic profile.
560759,1,BBB,0.9003,0.9298,0.0033,1.0,Content+Markov+CF,BBB: matches your academic profile; popular among students with similar study patterns.
560759,2,CCC,0.1,0.8724,1.0,0.0,Content+Markov,CCC: matches your academic profile; commonly chosen next by students with similar outcomes.
560759,3,FFF,0.0023,0.9229,0.0228,0.0,Content+Markov,FFF: matches your academic profile.
560784,1,DDD,0.9839,0.866,0.8387,1.0,Content+Markov+CF,DDD: matches your academic profile; commonly chosen next by students with similar outcomes; popular among students with similar study patterns.
560784,2,FFF,0.6691,0.9053,1.0,0.6323,Content+Markov+CF,FFF: matches your academic profile; commonly chosen next by students with similar outcomes; popular among students with similar study patterns.
560784,3,BBB,0.3205,0.913,0.0323,0.3525,Content+Markov+CF,BBB: matches your academic profile; popular among students with similar study patterns.
560879,1,FFF,0.9339,0.9169,0.3386,1.0,Content+Markov+CF,FFF: matches your academic profile; commonly chosen next by students with similar outcomes; popular among students with similar study patterns.
560879,2,BBB,0.1735,0.9242,0.0079,0.1919,Content+Markov+CF,BBB: matches your academic profile.
560879,3,CCC,0.1236,0.8747,0.0079,0.1365,Content+Markov+CF,CCC: matches your academic profile.
561195,1,CCC,0.9008,0.8741,0.0079,1.0,Content+Markov+CF,CCC: matches your academic profile; popular among students with similar study patterns.
561195,2,BBB,0.6508,0.9285,0.0079,0.7222,Content+Markov+CF,BBB: matches your academic profile; popular among students with similar study patterns.
561195,3,EEE,0.1,0.9622,1.0,0.0,Content+Markov,EEE: matches your academic profile; commonly chosen next by students with similar outcomes.
561208,1,CCC,0.9769,0.8765,1.0,0.9743,Content+Markov+CF,CCC: matches your academic profile; commonly chosen next by students with similar outcomes; popular among students with similar study patterns.
561208,2,DDD,0.9023,0.8931,0.0228,1.0,Content+Markov+CF,DDD: matches your academic profile; popular among students with similar study patterns.
561208,3,BBB,0.3673,0.9301,0.0033,0.4077,Content+Markov+CF,BBB: matches your academic profile; popular among students with similar study patterns.
561519,1,FFF,0.1,0.9314,1.0,0.0,Content+Markov,FFF: matches your academic profile; commonly chosen next by students with similar outcomes.
561519,2,CCC,0.0137,0.0,0.1374,0.0,Markov,CCC: recommended based on available signals.
561519,3,DDD,0.0038,0.0,0.0383,0.0,Markov,DDD: recommended based on available signals.
561826,1,DDD,1.0,0.8637,1.0,1.0,Content+Markov+CF,DDD: matches your academic profile; commonly chosen next by students with similar outcomes; popular among students with similar study patterns.
561826,2,FFF,0.0956,0.9044,0.9556,0.0,Content+Markov,FFF: matches your academic profile; commonly chosen next by students with similar outcomes.
561826,3,AAA,0.0022,0.9556,0.0222,0.0,Content+Markov,AAA: matches your academic profile.
561848,1,GGG,0.9021,0.9532,0.0213,1.0,Content+Markov+CF,GGG: matches your academic profile; popular among students with similar study patterns.
561848,2,FFF,0.8574,1.0,0.1702,0.9337,Content+Markov+CF,FFF: matches your academic profile; popular among students with similar study patterns.
561848,3,CCC,0.4666,0.0,1.0,0.4073,Markov+CF,CCC: commonly chosen next by students with similar outcomes; popular among students with similar study patterns.
562437,1,FFF,0.9446,0.9258,0.4458,1.0,Content+Markov+CF,FFF: matches your academic profile; commonly chosen next by students with similar outcomes; popular among students with similar study patterns.
562437,2,EEE,0.1,0.9879,1.0,0.0,Content+Markov,EEE: matches your academic profile; commonly chosen next by students with similar outcomes.
562437,3,CCC,0.0446,0.0,0.4458,0.0,Markov,CCC: commonly chosen next by students with similar outcomes.
562585,1,BBB,0.9003,0.987,0.0031,1.0,Content+Markov+CF,BBB: matches your academic profile; popular among students with similar study patterns.
562585,2,FFF,0.6096,1.0,0.4458,0.6278,Content+Markov+CF,FFF: matches your academic profile; commonly chosen next by students with similar outcomes; popular among students with similar study patterns.
562585,3,EEE,0.4567,0.9753,1.0,0.3963,Content+Markov+CF,EEE: matches your academic profile; commonly chosen next by students with similar outcomes; popular among students with similar study patterns.
563016,1,CCC,0.9008,0.8722,0.0079,1.0,Content+Markov+CF,CCC: matches your academic profile; popular among students with similar study patterns.
563016,2,GGG,0.5073,1.0,0.0079,0.5628,Content+Markov+CF,GGG: matches your academic profile; popular among students with similar study patterns.
563016,3,EEE,0.4342,0.9612,1.0,0.3713,Content+Markov+CF,EEE: matches your academic profile; commonly chosen next by students with similar outcomes; popular among students with similar study patterns.
563051,1,CCC,0.9008,0.0,0.0079,1.0,Markov+CF,CCC: popular among students with similar study patterns.
563051,2,BBB,0.3324,0.923,0.0079,0.3685,Content+Markov+CF,BBB: matches your academic profile; popular among students with similar study patterns.
563051,3,EEE,0.1,0.965,1.0,0.0,Content+Markov,EEE: matches your academic profile; commonly chosen next by students with similar outcomes.
563430,1,EEE,1.0,0.9908,1.0,1.0,Content+Markov+CF,EEE: matches your academic profile; commonly chosen next by students with similar outcomes; popular among students with similar study patterns.
563430,2,GGG,0.6837,0.948,0.0031,0.7593,Content+Markov+CF,GGG: matches your academic profile; popular among students with similar study patterns.
563430,3,DDD,0.4991,0.0,0.4211,0.5078,Markov+CF,DDD: commonly chosen next by students with similar outcomes; popular among students with similar study patterns.
563819,1,FFF,0.9339,0.9465,0.3386,1.0,Content+Markov+CF,FFF: matches your academic profile; commonly chosen next by students with similar outcomes; popular among students with similar study patterns.
563819,2,BBB,0.2217,0.9497,0.0079,0.2455,Content+Markov+CF,BBB: matches your academic profile.
563819,3,EEE,0.1,0.9825,1.0,0.0,Content+Markov,EEE: matches your academic profile; commonly chosen next by students with similar outcomes.
563967,1,DDD,0.9944,0.0,0.9444,1.0,Markov+CF,DDD: commonly chosen next by students with similar outcomes; popular among students with similar study patterns.
563967,2,CCC,0.3026,0.0,1.0,0.2251,Markov+CF,CCC: commonly chosen next by students with similar outcomes.
563967,3,AAA,0.1864,0.8563,0.0069,0.2063,Content+Markov+CF,AAA: matches your academic profile.
564213,1,FFF,0.9339,0.9233,0.3386,1.0,Content+Markov+CF,FFF: matches your academic profile; commonly chosen next by students with similar outcomes; popular among students with similar study patterns.
564213,2,GGG,0.179,1.0,0.0079,0.198,Content+Markov+CF,GGG: matches your academic profile.
564213,3,EEE,0.168,0.97,1.0,0.0756,Content+Markov+CF,EEE: matches your academic profile; commonly chosen next by students with similar outcomes.
564356,1,CCC,0.9446,0.0,0.4458,1.0,Markov+CF,CCC: commonly chosen next by students with similar outcomes; popular among students with similar study patterns.
564356,2,EEE,0.5024,0.9875,1.0,0.4471,Content+Markov+CF,EEE: matches your academic profile; commonly chosen next by students with similar outcomes; popular among students with similar study patterns.
564356,3,FFF,0.5004,0.9283,0.4458,0.5065,Content+Markov+CF,FFF: matches your academic profile; commonly chosen next by students with similar outcomes; popular among students with similar study patterns.
564700,1,DDD,0.9944,0.0,0.9444,1.0,Markov+CF,DDD: commonly chosen next by students with similar outcomes; popular among students with similar study patterns.
564700,2,CCC,0.1,0.0,1.0,0.0,Markov,CCC: commonly chosen next by students with similar outcomes.
564700,3,FFF,0.1,0.9945,1.0,0.0,Content+Markov,FFF: matches your academic profile; commonly chosen next by students with similar outcomes.
564714,1,CCC,0.9032,0.0,0.0323,1.0,Markov+CF,CCC: popular among students with similar study patterns.
564714,2,FFF,0.1,0.9179,1.0,0.0,Content+Markov,FFF: matches your academic profile; commonly chosen next by students with similar outcomes.
564714,3,DDD,0.0839,0.0,0.8387,0.0,Markov,DDD: commonly chosen next by students with similar outcomes.
565275,1,BBB,0.9003,0.9535,0.0033,1.0,Content+Markov+CF,BBB: matches your academic profile; popular among students with similar study patterns.
565275,2,GGG,0.6022,1.0,0.0033,0.6688,Content+Markov+CF,GGG: matches your academic profile; popular among students with similar study patterns.
565275,3,CCC,0.1,0.9533,1.0,0.0,Content+Markov,CCC: matches your academic profile; commonly chosen next by students with similar outcomes.
565883,1,CCC,1.0,0.9075,1.0,1.0,Content+Markov+CF,CCC: matches your academic profile; commonly chosen next by students with similar outcomes; popular among students with similar study patterns.
565883,2,FFF,0.4556,0.8961,1.0,0.3951,Content+Markov+CF,FFF: matches your academic profile; commonly chosen next by students with similar outcomes; popular among students with similar study patterns.
565883,3,BBB,0.3305,0.9044,0.0069,0.3664,Content+Markov+CF,BBB: matches your academic profile; popular among students with similar study patterns.
566185,1,CCC,0.9007,0.0,0.0073,1.0,Markov+CF,CCC: popular among students with similar study patterns.
566185,2,BBB,0.7775,0.9516,0.0073,0.8631,Content+Markov+CF,BBB: matches your academic profile; popular among students with similar study patterns.
566185,3,GGG,0.6216,1.0,0.0073,0.6899,Content+Markov+CF,GGG: matches your academic profile; popular among students with similar study patterns.
566310,1,FFF,0.9956,0.9261,0.9556,1.0,Content+Markov+CF,FFF: matches your academic profile; commonly chosen next by students with similar outcomes; popular among students with similar study patterns.
566310,2,CCC,0.641,0.8722,0.0222,0.7098,Content+Markov+CF,CCC: matches your academic profile; popular among students with similar study patterns.
566310,3,BBB,0.3748,0.9329,0.0222,0.414,Content+Markov+CF,BBB: matches your academic profile; popular among students with similar study patterns.
566664,1,CCC,0.1,0.0,1.0,0.0,Markov,CCC: commonly chosen next by students with similar outcomes.
566664,2,FFF,0.1,0.9607,1.0,0.0,Content+Markov,FFF: matches your academic profile; commonly chosen next by students with similar outcomes.
566664,3,DDD,0.0944,0.0,0.9444,0.0,Markov,DDD: commonly chosen next by students with similar outcomes.
567304,1,GGG,0.9008,1.0,0.0079,1.0,Content+Markov+CF,GGG: matches your academic profile; popular among students with similar study patterns.
567304,2,FFF,0.6761,0.9213,0.3386,0.7136,Content+Markov+CF,FFF: matches your academic profile; commonly chosen next by students with similar outcomes; popular among students with similar study patterns.
567304,3,CCC,0.6492,0.8771,0.0079,0.7205,Content+Markov+CF,CCC: matches your academic profile; popular among students with similar study patterns.
567451,1,BBB,0.9003,0.9075,0.0031,1.0,Content+Markov+CF,BBB: matches your academic profile; popular among students with similar study patterns.
567451,2,CCC,0.3234,0.8963,0.4458,0.3098,Content+Markov+CF,CCC: matches your academic profile; commonly chosen next by students with similar outcomes; popular among students with similar study patterns.
567451,3,FFF,0.2219,0.8993,0.4458,0.197,Content+Markov+CF,FFF: matches your academic profile; commonly chosen next by students with similar outcomes.
567888,1,CCC,0.9036,0.0,0.0357,1.0,Markov+CF,CCC: popular among students with similar study patterns.
567888,2,GGG,0.2739,1.0,0.0357,0.3004,Content+Markov+CF,GGG: matches your academic profile; popular among students with similar study patterns.
567888,3,EEE,0.1,0.9637,1.0,0.0,Content+Markov,EEE: matches your academic profile; commonly chosen next by students with similar outcomes.
569132,1,GGG,0.9003,1.0,0.0031,1.0,Content+Markov+CF,GGG: matches your academic profile; popular among students with similar study patterns.
569132,2,EEE,0.1,0.9742,1.0,0.0,Content+Markov,EEE: matches your academic profile; commonly chosen next by students with similar outcomes.
569132,3,CCC,0.0446,0.0,0.4458,0.0,Markov,CCC: commonly chosen next by students with similar outcomes.
569342,1,CCC,1.0,0.0,1.0,1.0,Markov+CF,CCC: commonly chosen next by students with similar outcomes; popular among students with similar study patterns.
569342,2,DDD,0.162,0.0,0.1154,0.1672,Markov+CF,DDD: recommended based on available signals.
569342,3,EEE,0.0942,0.0,0.9423,0.0,Markov,EEE: commonly chosen next by students with similar outcomes.
569609,1,DDD,0.9354,0.9111,0.3543,1.0,Content+Markov+CF,DDD: matches your academic profile; commonly chosen next by students with similar outcomes; popular among students with similar study patterns.
569609,2,BBB,0.6072,0.9446,0.0079,0.6738,Content+Markov+CF,BBB: matches your academic profile; popular among students with similar study patterns.
569609,3,CCC,0.4411,0.9225,0.0079,0.4892,Content+Markov+CF,CCC: matches your academic profile; popular among students with similar study patterns.
569625,1,DDD,0.919,0.0,0.1898,1.0,Markov+CF,DDD: popular among students with similar study patterns.
569625,2,AAA,0.6919,0.9747,0.0073,0.768,Content+Markov+CF,AAA: matches your academic profile; popular among students with similar study patterns.
569625,3,GGG,0.6087,1.0,0.0073,0.6755,Content+Markov+CF,GGG: matches your academic profile; popular among students with similar study patterns.
569706,1,DDD,1.0,0.0,1.0,1.0,Markov+CF,DDD: commonly chosen next by students with similar outcomes; popular among students with similar study patterns.
569706,2,AAA,0.6088,0.9849,0.0027,0.6761,Content+Markov+CF,AAA: matches your academic profile; popular among students with similar study patterns.
569706,3,FFF,0.1535,1.0,0.0714,0.1626,Content+Markov+CF,FFF: matches your academic profile.
569712,1,BBB,0.9003,0.9649,0.0031,1.0,Content+Markov+CF,BBB: matches your academic profile; popular among students with similar study patterns.
569712,2,CCC,0.3934,0.9769,0.4458,0.3876,Content+Markov+CF,CCC: matches your academic profile; commonly chosen next by students with similar outcomes; popular among students with similar study patterns.
569712,3,GGG,0.3572,1.0,0.0031,0.3966,Content+Markov+CF,GGG: matches your academic profile; popular among students with similar study patterns.
569928,1,EEE,1.0,1.0,1.0,1.0,Content+Markov+CF,EEE: matches your academic profile; commonly chosen next by students with similar outcomes; popular among students with similar study patterns.
569928,2,FFF,0.1368,0.9812,0.4458,0.1025,Content+Markov+CF,FFF: matches your academic profile; commonly chosen next by students with similar outcomes.
569928,3,CCC,0.0446,0.0,0.4458,0.0,Markov,CCC: commonly chosen next by students with similar outcomes.
570377,1,FFF,1.0,1.0,1.0,1.0,Content+Markov+CF,FFF: matches your academic profile; commonly chosen next by students with similar outcomes; popular among students with similar study patterns.
570377,2,BBB,0.5167,0.9889,0.0069,0.5733,Content+Markov+CF,BBB: matches your academic profile; popular among students with similar study patterns.
570377,3,DDD,0.2914,0.0,0.9444,0.2188,Markov+CF,DDD: commonly chosen next by students with similar outcomes.
570453,1,FFF,0.9956,0.93,0.9556,1.0,Content+Markov+CF,FFF: matches your academic profile; commonly chosen next by students with similar outcomes; popular among students with similar study patterns.
570453,2,BBB,0.1013,0.9365,0.0222,0.1101,Content+Markov+CF,BBB: matches your academic profile.
570453,3,GGG,0.1009,1.0,0.0222,0.1096,Content+Markov+CF,GGG: matches your academic profile.
570488,1,CCC,1.0,0.0,1.0,1.0,Markov+CF,CCC: commonly chosen next by students with similar outcomes; popular among students with similar study patterns.
570488,2,FFF,0.1,1.0,1.0,0.0,Content+Markov,FFF: matches your academic profile; commonly chosen next by students with similar outcomes.
570488,3,DDD,0.0944,0.0,0.9444,0.0,Markov,DDD: commonly chosen next by students with similar outcomes.
570732,1,CCC,0.9036,0.0,0.0357,1.0,Markov+CF,CCC: popular among students with similar study patterns.
570732,2,DDD,0.6069,0.0,0.8571,0.5791,Markov+CF,DDD: commonly chosen next by students with similar outcomes; popular among students with similar study patterns.
570732,3,BBB,0.2147,0.9405,0.0357,0.2346,Content+Markov+CF,BBB: matches your academic profile.
570872,1,BBB,0.9008,0.9413,0.0079,1.0,Content+Markov+CF,BBB: matches your academic profile; popular among students with similar study patterns.
570872,2,EEE,0.2391,0.9753,1.0,0.1546,Content+Markov+CF,EEE: matches your academic profile; commonly chosen next by students with similar outcomes.
570872,3,CCC,0.1399,0.0,0.0079,0.1546,Markov+CF,CCC: recommended based on available signals.
571131,1,FFF,0.9339,0.9279,0.3386,1.0,Content+Markov+CF,FFF: matches your academic profile; commonly chosen next by students with similar outcomes; popular among students with similar study patterns.
571131,2,CCC,0.77,0.8747,0.0079,0.8547,Content+Markov+CF,CCC: matches your academic profile; popular among students with similar study patterns.
571131,3,EEE,0.3528,0.9661,1.0,0.2809,Content+Markov+CF,EEE: matches your academic profile; commonly chosen next by students with similar outcomes.
571610,1,CCC,0.1,0.0,1.0,0.0,Markov,CCC: commonly chosen next by students with similar outcomes.
571610,2,FFF,0.1,0.8769,1.0,0.0,Content+Markov,FFF: matches your academic profile; commonly chosen next by students with similar outcomes.
571610,3,DDD,0.0944,0.0,0.9444,0.0,Markov,DDD: commonly chosen next by students with similar outcomes.
571702,1,BBB,0.9003,1.0,0.0031,1.0,Content+Markov+CF,BBB: matches your academic profile; popular among students with similar study patterns.
571702,2,EEE,0.1,0.9826,1.0,0.0,Content+Markov,EEE: matches your academic profile; commonly chosen next by students with similar outcomes.
571702,3,CCC,0.0446,0.0,0.4458,0.0,Markov,CCC: commonly chosen next by students with similar outcomes.
571765,1,CCC,0.9036,0.8773,0.0357,1.0,Content+Markov+CF,CCC: matches your academic profile; popular among students with similar study patterns.
571765,2,FFF,0.2138,0.9297,0.75,0.1542,Content+Markov+CF,FFF: matches your academic profile; commonly chosen next by students with similar outcomes.
571765,3,GGG,0.1456,1.0,0.0357,0.1578,Content+Markov+CF,GGG: matches your academic profile.
571808,1,BBB,0.9036,0.9519,0.0357,1.0,Content+Markov+CF,BBB: matches your academic profile; popular among students with similar study patterns.
571808,2,FFF,0.205,0.9469,0.75,0.1445,Content+Markov+CF,FFF: matches your academic profile; commonly chosen next by students with similar outcomes.
571808,3,CCC,0.1082,0.9128,0.0357,0.1162,Content+Markov+CF,CCC: matches your academic profile.
571921,1,CCC,0.9008,0.8726,0.0079,1.0,Content+Markov+CF,CCC: matches your academic profile; popular among students with similar study patterns.
571921,2,EEE,0.44,0.9599,1.0,0.3778,Content+Markov+CF,EEE: matches your academic profile; commonly chosen next by students with similar outcomes; popular among students with similar study patterns.
571921,3,FFF,0.3173,0.9186,0.3386,0.3149,Content+Markov+CF,FFF: matches your academic profile; commonly chosen next by students with similar outcomes; popular among students with similar study patterns.
571992,1,CCC,0.1,0.0,1.0,0.0,Markov,CCC: commonly chosen next by students with similar outcomes.
571992,2,FFF,0.1,1.0,1.0,0.0,Content+Markov,FFF: matches your academic profile; commonly chosen next by students with similar outcomes.
571992,3,DDD,0.0944,0.0,0.9444,0.0,Markov,DDD: commonly chosen next by students with similar outcomes.
572011,1,CCC,0.9007,0.0,0.0073,1.0,Markov+CF,CCC: popular among students with similar study patterns.
572011,2,EEE,0.1,0.9631,1.0,0.0,Content+Markov,EEE: matches your academic profile; commonly chosen next by students with similar outcomes.
572011,3,BBB,0.0726,0.9382,0.0073,0.0799,Content+Markov+CF,BBB: matches your academic profile.
572154,1,BBB,0.9007,0.9104,0.0069,1.0,Content+Markov+CF,BBB: matches your academic profile; popular among students with similar study patterns.
572154,2,DDD,0.1758,0.8667,0.9444,0.0904,Content+Markov+CF,DDD: matches your academic profile; commonly chosen next by students with similar outcomes.
572154,3,CCC,0.1,0.9297,1.0,0.0,Content+Markov,CCC: matches your academic profile; commonly chosen next by students with similar outcomes.
572241,1,FFF,0.9446,0.9902,0.4458,1.0,Content+Markov+CF,FFF: matches your academic profile; commonly chosen next by students with similar outcomes; popular among students with similar study patterns.
572241,2,EEE,0.1,1.0,1.0,0.0,Content+Markov,EEE: matches your academic profile; commonly chosen next by students with similar outcomes.
572241,3,CCC,0.0446,0.0,0.4458,0.0,Markov,CCC: commonly chosen next by students with similar outcomes.
572250,1,CCC,0.9446,0.0,0.4458,1.0,Markov+CF,CCC: commonly chosen next by students with similar outcomes; popular among students with similar study patterns.
572250,2,BBB,0.6359,0.9681,0.0031,0.7062,Content+Markov+CF,BBB: matches your academic profile; popular among students with similar study patterns.
572250,3,GGG,0.3804,0.9684,0.0031,0.4223,Content+Markov+CF,GGG: matches your academic profile; popular among students with similar study patterns.
572279,1,BBB,0.9007,0.9861,0.0069,1.0,Content+Markov+CF,BBB: matches your academic profile; popular among students with similar study patterns.
572279,2,CCC,0.1,0.0,1.0,0.0,Markov,CCC: commonly chosen next by students with similar outcomes.
572279,3,FFF,0.1,1.0,1.0,0.0,Content+Markov,FFF: matches your academic profile; commonly chosen next by students with similar outcomes.
572303,1,FFF,0.9956,0.9293,0.9556,1.0,Content+Markov+CF,FFF: matches your academic profile; commonly chosen next by students with similar outcomes; popular among students with similar study patterns.
572303,2,CCC,0.7744,0.0,0.0222,0.858,Markov+CF,CCC: popular among students with similar study patterns.
572303,3,DDD,0.6776,0.0,1.0,0.6418,Markov+CF,DDD: commonly chosen next by students with similar outcomes; popular among students with similar study patterns.
572382,1,FFF,0.9226,0.9717,0.2263,1.0,Content+Markov+CF,FFF: matches your academic profile; popular among students with similar study patterns.
572382,2,EEE,0.1544,0.988,1.0,0.0604,Content+Markov+CF,EEE: matches your academic profile; commonly chosen next by students with similar outcomes.
572382,3,GGG,0.0478,1.0,0.0073,0.0523,Content+Markov+CF,GGG: matches your academic profile.
572396,1,CCC,0.9042,0.9068,0.0417,1.0,Content+Markov+CF,CCC: matches your academic profile; popular among students with similar study patterns.
572396,2,DDD,0.2625,0.915,1.0,0.1806,Content+Markov+CF,DDD: matches your academic profile; commonly chosen next by students with similar outcomes.
572396,3,FFF,0.0875,0.9411,0.875,0.0,Content+Markov,FFF: matches your academic profile; commonly chosen next by students with similar outcomes.
572570,1,CCC,0.9022,0.8752,0.0222,1.0,Content+Markov+CF,CCC: matches your academic profile; popular among students with similar study patterns.
572570,2,FFF,0.6919,0.9168,0.9556,0.6626,Content+Markov+CF,FFF: matches your academic profile; commonly chosen next by students with similar outcomes; popular among students with similar study patterns.
572570,3,DDD,0.3227,0.8818,1.0,0.2474,Content+Markov+CF,DDD: matches your academic profile; commonly chosen next by students with similar outcomes.
572584,1,CCC,0.9446,0.0,0.4458,1.0,Markov+CF,CCC: commonly chosen next by students with similar outcomes; popular among students with similar study patterns.
572584,2,BBB,0.1227,0.9335,0.0031,0.136,Content+Markov+CF,BBB: matches your academic profile.
572584,3,EEE,0.1,0.9859,1.0,0.0,Content+Markov,EEE: matches your academic profile; commonly chosen next by students with similar outcomes.
572589,1,EEE,0.1,0.9866,1.0,0.0,Content+Markov,EEE: matches your academic profile; commonly chosen next by students with similar outcomes.
572589,2,CCC,0.0446,0.0,0.4458,0.0,Markov,CCC: commonly chosen next by students with similar outcomes.
572589,3,DDD,0.0421,0.0,0.4211,0.0,Markov,DDD: commonly chosen next by students with similar outcomes.
572659,1,FFF,0.9173,1.0,0.1731,1.0,Content+Markov+CF,FFF: matches your academic profile; popular among students with similar study patterns.
572659,2,CCC,0.1,0.0,1.0,0.0,Markov,CCC: commonly chosen next by students with similar outcomes.
572659,3,EEE,0.0942,0.0,0.9423,0.0,Markov,EEE: commonly chosen next by students with similar outcomes.
572735,1,CCC,0.9008,0.0,0.0079,1.0,Markov+CF,CCC: popular among students with similar study patterns.
572735,2,FFF,0.3109,0.9232,0.3386,0.3078,Content+Markov+CF,FFF: matches your academic profile; commonly chosen next by students with similar outcomes; popular among students with similar study patterns.
572735,3,BBB,0.1453,0.9279,0.0079,0.1606,Content+Markov+CF,BBB: matches your academic profile.
572783,1,CCC,0.9008,0.8756,0.0079,1.0,Content+Markov+CF,CCC: matches your academic profile; popular among students with similar study patterns.
572783,2,GGG,0.3746,1.0,0.0079,0.4154,Content+Markov+CF,GGG: matches your academic profile; popular among students with similar study patterns.
572783,3,EEE,0.3237,0.9612,1.0,0.2486,Content+Markov+CF,EEE: matches your academic profile; commonly chosen next by students with similar outcomes.
572816,1,CCC,0.9446,0.0,0.4458,1.0,Markov+CF,CCC: commonly chosen next by students with similar outcomes; popular among students with similar study patterns.
572816,2,EEE,0.1,1.0,1.0,0.0,Content+Markov,EEE: matches your academic profile; commonly chosen next by students with similar outcomes.
572816,3,DDD,0.0421,0.0,0.4211,0.0,Markov,DDD: commonly chosen next by students with similar outcomes.
572854,1,CCC,0.9036,0.8901,0.0357,1.0,Content+Markov+CF,CCC: matches your academic profile; popular among students with similar study patterns.
572854,2,FFF,0.3036,0.9274,0.75,0.254,Content+Markov+CF,FFF: matches your academic profile; commonly chosen next by students with similar outcomes.
572854,3,EEE,0.2977,0.9649,1.0,0.2197,Content+Markov+CF,EEE: matches your academic profile; commonly chosen next by students with similar outcomes.
572891,1,BBB,0.9022,0.9239,0.0222,1.0,Content+Markov+CF,BBB: matches your academic profile; popular among students with similar study patterns.
572891,2,CCC,0.3014,0.8785,0.0222,0.3324,Content+Markov+CF,CCC: matches your academic profile; popular among students with similar study patterns.
572891,3,DDD,0.2783,0.8807,1.0,0.1981,Content+Markov+CF,DDD: matches your academic profile; commonly chosen next by students with similar outcomes.
573093,1,CCC,0.9446,0.0,0.4458,1.0,Markov+CF,CCC: commonly chosen next by students with similar outcomes; popular among students with similar study patterns.
573093,2,EEE,0.2102,0.9995,1.0,0.1224,Content+Markov+CF,EEE: matches your academic profile; commonly chosen next by students with similar outcomes.
573093,3,BBB,0.17,0.948,0.0031,0.1885,Content+Markov+CF,BBB: matches your academic profile.
573153,1,FFF,1.0,1.0,1.0,1.0,Content+Markov+CF,FFF: matches your academic profile; commonly chosen next by students with similar outcomes; popular among students with similar study patterns.
573153,2,CCC,0.1,0.0,1.0,0.0,Markov,CCC: commonly chosen next by students with similar outcomes.
573153,3,DDD,0.0944,0.0,0.9444,0.0,Markov,DDD: commonly chosen next by students with similar outcomes.
573377,1,BBB,0.9022,0.9283,0.0222,1.0,Content+Markov+CF,BBB: matches your academic profile; popular among students with similar study patterns.
573377,2,DDD,0.8915,0.8867,1.0,0.8794,Content+Markov+CF,DDD: matches your academic profile; commonly chosen next by students with similar outcomes; popular among students with similar study patterns.
573377,3,FFF,0.0956,0.9212,0.9556,0.0,Content+Markov,FFF: matches your academic profile; commonly chosen next by students with similar outcomes.
573473,1,CCC,0.9446,0.0,0.4458,1.0,Markov+CF,CCC: commonly chosen next by students with similar outcomes; popular among students with similar study patterns.
573473,2,EEE,0.3824,1.0,1.0,0.3138,Content+Markov+CF,EEE: matches your academic profile; commonly chosen next by students with similar outcomes; popular among students with similar study patterns.
573473,3,GGG,0.3708,0.9994,0.0031,0.4117,Content+Markov+CF,GGG: matches your academic profile; popular among students with similar study patterns.
573481,1,GGG,0.901,0.9671,0.0096,1.0,Content+Markov+CF,GGG: matches your academic profile; popular among students with similar study patterns.
573481,2,BBB,0.5276,0.9959,0.016,0.5844,Content+Markov+CF,BBB: matches your academic profile; popular among students with similar study patterns.
573481,3,FFF,0.1,0.0,1.0,0.0,Markov,FFF: commonly chosen next by students with similar outcomes.
573697,1,BBB,0.9016,0.9127,0.016,1.0,Content+Markov+CF,BBB: matches your academic profile; popular among students with similar study patterns.
573697,2,FFF,0.1,0.0,1.0,0.0,Markov,FFF: commonly chosen next by students with similar outcomes.
573697,3,CCC,0.0137,0.9549,0.1374,0.0,Content+Markov,CCC: matches your academic profile.
573701,1,FFF,1.0,1.0,1.0,1.0,Content+Markov+CF,FFF: matches your academic profile; commonly chosen next by students with similar outcomes; popular among students with similar study patterns.
573701,2,DDD,0.0839,0.0,0.8387,0.0,Markov,DDD: commonly chosen next by students with similar outcomes.
573701,3,AAA,0.0032,0.858,0.0323,0.0,Content+Markov,AAA: matches your academic profile.
573742,1,DDD,0.9003,0.0,0.0031,1.0,Markov+CF,DDD: popular among students with similar study patterns.
573742,2,CCC,0.1,0.0,1.0,0.0,Markov,CCC: commonly chosen next by students with similar outcomes.
573742,3,BBB,0.0009,0.9362,0.0093,0.0,Content+Markov,BBB: matches your academic profile.
573922,1,CCC,0.1,0.0,1.0,0.0,Markov,CCC: commonly chosen next by students with similar outcomes.
573922,2,EEE,0.0942,0.987,0.9423,0.0,Content+Markov,EEE: matches your academic profile; commonly chosen next by students with similar outcomes.
573922,3,DDD,0.0115,0.0,0.1154,0.0,Markov,DDD: recommended based on available signals.
574056,1,BBB,0.9003,1.0,0.0031,1.0,Content+Markov+CF,BBB: matches your academic profile; popular among students with similar study patterns.
574056,2,DDD,0.1628,0.0,0.4211,0.1341,Markov+CF,DDD: commonly chosen next by students with similar outcomes.
574056,3,GGG,0.1046,0.907,0.0031,0.1159,Content+Markov+CF,GGG: matches your academic profile.
574259,1,CCC,0.9022,0.8557,0.0222,1.0,Content+Markov+CF,CCC: matches your academic profile; popular among students with similar study patterns.
574259,2,FFF,0.3458,0.9055,0.9556,0.278,Content+Markov+CF,FFF: matches your academic profile; commonly chosen next by students with similar outcomes.
574259,3,DDD,0.2203,0.8659,1.0,0.1337,Content+Markov+CF,DDD: matches your academic profile; commonly chosen next by students with similar outcomes.
574283,1,DDD,0.919,0.9287,0.1898,1.0,Content+Markov+CF,DDD: matches your academic profile; popular among students with similar study patterns.
574283,2,CCC,0.5297,0.9361,0.0073,0.5877,Content+Markov+CF,CCC: matches your academic profile; popular among students with similar study patterns.
574283,3,EEE,0.1,0.9747,1.0,0.0,Content+Markov,EEE: matches your academic profile; commonly chosen next by students with similar outcomes.
574310,1,CCC,0.9036,0.8913,0.0357,1.0,Content+Markov+CF,CCC: matches your academic profile; popular among students with similar study patterns.
574310,2,FFF,0.295,0.9274,0.75,0.2444,Content+Markov+CF,FFF: matches your academic profile; commonly chosen next by students with similar outcomes.
574310,3,GGG,0.2641,1.0,0.0357,0.2895,Content+Markov+CF,GGG: matches your academic profile.
574507,1,FFF,1.0,0.9281,1.0,1.0,Content+Markov+CF,FFF: matches your academic profile; commonly chosen next by students with similar outcomes; popular among students with similar study patterns.
574507,2,CCC,0.572,0.0,1.0,0.5244,Markov+CF,CCC: commonly chosen next by students with similar outcomes; popular among students with similar study patterns.
574507,3,DDD,0.4841,0.0,0.9444,0.433,Markov+CF,DDD: commonly chosen next by students with similar outcomes; popular among students with similar study patterns.
574512,1,BBB,0.9143,0.9397,0.1429,1.0,Content+Markov+CF,BBB: matches your academic profile; popular among students with similar study patterns.
574512,2,CCC,0.7471,0.0,0.1429,0.8142,Markov+CF,CCC: popular among students with similar study patterns.
574512,3,DDD,0.1,0.0,1.0,0.0,Markov,DDD: commonly chosen next by students with similar outcomes.
574529,1,BBB,0.9007,0.9734,0.0073,1.0,Content+Markov+CF,BBB: matches your academic profile; popular among students with similar study patterns.
574529,2,GGG,0.8066,1.0,0.0073,0.8954,Content+Markov+CF,GGG: matches your academic profile; popular among students with similar study patterns.
574529,3,CCC,0.162,0.0,0.0073,0.1792,Markov+CF,CCC: recommended based on available signals.
574551,1,BBB,0.9007,0.9495,0.0073,1.0,Content+Markov+CF,BBB: matches your academic profile; popular among students with similar study patterns.
574551,2,EEE,0.1,0.9691,1.0,0.0,Content+Markov,EEE: matches your academic profile; commonly chosen next by students with similar outcomes.
574551,3,DDD,0.019,0.922,0.1898,0.0,Content+Markov,DDD: matches your academic profile.
574586,1,BBB,0.9007,0.9235,0.0069,1.0,Content+Markov+CF,BBB: matches your academic profile; popular among students with similar study patterns.
574586,2,FFF,0.8773,0.9169,1.0,0.8637,Content+Markov+CF,FFF: matches your academic profile; commonly chosen next by students with similar outcomes; popular among students with similar study patterns.
574586,3,CCC,0.6772,0.9356,1.0,0.6413,Content+Markov+CF,CCC: matches your academic profile; commonly chosen next by students with similar outcomes; popular among students with similar study patterns.
574705,1,CCC,0.9036,0.8699,0.0357,1.0,Content+Markov+CF,CCC: matches your academic profile; popular among students with similar study patterns.
574705,2,EEE,0.615,0.9632,1.0,0.5722,Content+Markov+CF,EEE: matches your academic profile; commonly chosen next by students with similar outcomes; popular among students with similar study patterns.
574705,3,FFF,0.075,0.9274,0.75,0.0,Content+Markov,FFF: matches your academic profile; commonly chosen next by students with similar outcomes.
574720,1,BBB,0.9008,0.924,0.0079,1.0,Content+Markov+CF,BBB: matches your academic profile; popular among students with similar study patterns.
574720,2,FFF,0.8122,0.9166,0.3386,0.8648,Content+Markov+CF,FFF: matches your academic profile; commonly chosen next by students with similar outcomes; popular among students with similar study patterns.
574720,3,GGG,0.6964,1.0,0.0079,0.7729,Content+Markov+CF,GGG: matches your academic profile; popular among students with similar study patterns.
574830,1,DDD,0.9944,0.0,0.9444,1.0,Markov+CF,DDD: commonly chosen next by students with similar outcomes; popular among students with similar study patterns.
574830,2,FFF,0.2436,0.9905,1.0,0.1596,Content+Markov+CF,FFF: matches your academic profile; commonly chosen next by students with similar outcomes.
574830,3,CCC,0.1,0.0,1.0,0.0,Markov,CCC: commonly chosen next by students with similar outcomes.
575039,1,DDD,0.919,0.0,0.1898,1.0,Markov+CF,DDD: popular among students with similar study patterns.
575039,2,AAA,0.6386,0.9455,0.0073,0.7087,Content+Markov+CF,AAA: matches your academic profile; popular among students with similar study patterns.
575039,3,CCC,0.1214,0.0,0.0073,0.1341,Markov+CF,CCC: recommended based on available signals.
575047,1,CCC,0.9032,0.0,0.0323,1.0,Markov+CF,CCC: popular among students with similar study patterns.
575047,2,FFF,0.3279,0.8985,1.0,0.2532,Content+Markov+CF,FFF: matches your academic profile; commonly chosen next by students with similar outcomes.
575047,3,DDD,0.0839,0.0,0.8387,0.0,Markov,DDD: commonly chosen next by students with similar outcomes.
575166,1,CCC,1.0,0.9394,1.0,1.0,Content+Markov+CF,CCC: matches your academic profile; commonly chosen next by students with similar outcomes; popular among students with similar study patterns.
575166,2,FFF,0.1,0.9101,1.0,0.0,Content+Markov,FFF: matches your academic profile; commonly chosen next by students with similar outcomes.
575166,3,DDD,0.0944,0.8711,0.9444,0.0,Content+Markov,DDD: matches your academic profile; commonly chosen next by students with similar outcomes.
575258,1,AAA,0.9003,0.9664,0.0031,1.0,Content+Markov+CF,AAA: matches your academic profile; popular among students with similar study patterns.
575258,2,EEE,0.1,1.0,1.0,0.0,Content+Markov,EEE: matches your academic profile; commonly chosen next by students with similar outcomes.
575258,3,CCC,0.0446,0.0,0.4458,0.0,Markov,CCC: commonly chosen next by students with similar outcomes.
575265,1,CCC,0.9446,0.0,0.4458,1.0,Markov+CF,CCC: commonly chosen next by students with similar outcomes; popular among students with similar study patterns.
575265,2,EEE,0.1,1.0,1.0,0.0,Content+Markov,EEE: matches your academic profile; commonly chosen next by students with similar outcomes.
575265,3,DDD,0.0421,0.0,0.4211,0.0,Markov,DDD: commonly chosen next by students with similar outcomes.
575419,1,FFF,1.0,1.0,1.0,1.0,Content+Markov+CF,FFF: matches your academic profile; commonly chosen next by students with similar outcomes; popular among students with similar study patterns.
575419,2,CCC,0.2324,0.0,1.0,0.1471,Markov+CF,CCC: commonly chosen next by students with similar outcomes.
575419,3,DDD,0.1738,0.0,0.9444,0.0882,Markov+CF,DDD: commonly chosen next by students with similar outcomes.
575545,1,FFF,1.0,0.9399,1.0,1.0,Content+Markov+CF,FFF: matches your academic profile; commonly chosen next by students with similar outcomes; popular among students with similar study patterns.
575545,2,CCC,0.7927,0.0,1.0,0.7697,Markov+CF,CCC: commonly chosen next by students with similar outcomes; popular among students with similar study patterns.
575545,3,GGG,0.3103,1.0,0.0069,0.344,Content+Markov+CF,GGG: matches your academic profile; popular among students with similar study patterns.
575553,1,CCC,1.0,0.0,1.0,1.0,Markov+CF,CCC: commonly chosen next by students with similar outcomes; popular among students with similar study patterns.
575553,2,FFF,0.248,0.9563,1.0,0.1645,Content+Markov+CF,FFF: matches your academic profile; commonly chosen next by students with similar outcomes.
575553,3,GGG,0.1688,1.0,0.0069,0.1868,Content+Markov+CF,GGG: matches your academic profile.
575733,1,DDD,1.0,0.8883,1.0,1.0,Content+Markov+CF,DDD: matches your academic profile; commonly chosen next by students with similar outcomes; popular among students with similar study patterns.
575733,2,CCC,0.54,0.8725,0.0222,0.5975,Content+Markov+CF,CCC: matches your academic profile; popular among students with similar study patterns.
575733,3,FFF,0.4052,0.9215,0.9556,0.344,Content+Markov+CF,FFF: matches your academic profile; commonly chosen next by students with similar outcomes; popular among students with similar study patterns.
575745,1,FFF,0.9956,0.9369,0.9556,1.0,Content+Markov+CF,FFF: matches your academic profile; commonly chosen next by students with similar outcomes; popular among students with similar study patterns.
575745,2,CCC,0.2137,0.9221,0.0222,0.235,Content+Markov+CF,CCC: matches your academic profile.
575745,3,GGG,0.177,1.0,0.0222,0.1942,Content+Markov+CF,GGG: matches your academic profile.
575763,1,BBB,0.9007,0.906,0.0069,1.0,Content+Markov+CF,BBB: matches your academic profile; popular among students with similar study patterns.
575763,2,FFF,0.778,0.8976,1.0,0.7533,Content+Markov+CF,FFF: matches your academic profile; commonly chosen next by students with similar outcomes; popular among students with similar study patterns.
575763,3,CCC,0.3166,0.891,1.0,0.2407,Content+Markov+CF,CCC: matches your academic profile; commonly chosen next by students with similar outcomes.
575766,1,AAA,0.9008,0.9789,0.0079,1.0,Content+Markov+CF,AAA: matches your academic profile; popular among students with similar study patterns.
575766,2,EEE,0.1,0.9672,1.0,0.0,Content+Markov,EEE: matches your academic profile; commonly chosen next by students with similar outcomes.
575766,3,FFF,0.0339,0.9281,0.3386,0.0,Content+Markov,FFF: matches your academic profile; commonly chosen next by students with similar outcomes.
575855,1,AAA,0.9003,0.9031,0.0031,1.0,Content+Markov+CF,AAA: matches your academic profile; popular among students with similar study patterns.
575855,2,GGG,0.8236,1.0,0.0031,0.9148,Content+Markov+CF,GGG: matches your academic profile; popular among students with similar study patterns.
575855,3,CCC,0.1,0.9522,1.0,0.0,Content+Markov,CCC: matches your academic profile; commonly chosen next by students with similar outcomes.
576251,1,EEE,1.0,0.9593,1.0,1.0,Content+Markov+CF,EEE: matches your academic profile; commonly chosen next by students with similar outcomes; popular among students with similar study patterns.
576251,2,CCC,0.2817,0.8729,0.0357,0.309,Content+Markov+CF,CCC: matches your academic profile; popular among students with similar study patterns.
576251,3,FFF,0.075,0.9171,0.75,0.0,Content+Markov,FFF: matches your academic profile; commonly chosen next by students with similar outcomes.
576383,1,FFF,0.975,0.9457,0.75,1.0,Content+Markov+CF,FFF: matches your academic profile; commonly chosen next by students with similar outcomes; popular among students with similar study patterns.
576383,2,CCC,0.2635,0.9077,0.0357,0.2888,Content+Markov+CF,CCC: matches your academic profile.
576383,3,GGG,0.1576,1.0,0.0357,0.1711,Content+Markov+CF,GGG: matches your academic profile.
576413,1,CCC,0.9036,0.0,0.0357,1.0,Markov+CF,CCC: popular among students with similar study patterns.
576413,2,BBB,0.3261,0.9566,0.0357,0.3584,Content+Markov+CF,BBB: matches your academic profile; popular among students with similar study patterns.
576413,3,FFF,0.3123,0.9547,0.75,0.2637,Content+Markov+CF,FFF: matches your academic profile; commonly chosen next by students with similar outcomes.
576433,1,CCC,0.9036,0.8528,0.0357,1.0,Content+Markov+CF,CCC: matches your academic profile; popular among students with similar study patterns.
576433,2,BBB,0.4327,0.9191,0.0357,0.4768,Content+Markov+CF,BBB: matches your academic profile; popular among students with similar study patterns.
576433,3,DDD,0.2074,0.8739,0.8571,0.1352,Content+Markov+CF,DDD: matches your academic profile; commonly chosen next by students with similar outcomes.
576439,1,FFF,0.9956,0.9215,0.9556,1.0,Content+Markov+CF,FFF: matches your academic profile; commonly chosen next by students with similar outcomes; popular among students with similar study patterns.
576439,2,DDD,0.3382,0.8884,1.0,0.2647,Content+Markov+CF,DDD: matches your academic profile; commonly chosen next by students with similar outcomes.
576439,3,AAA,0.0022,0.9629,0.0222,0.0,Content+Markov,AAA: matches your academic profile.
576445,1,CCC,0.9016,0.0,0.0158,1.0,Markov+CF,CCC: popular among students with similar study patterns.
576445,2,BBB,0.3192,0.9802,1.0,0.2436,Content+Markov+CF,BBB: matches your academic profile; commonly chosen next by students with similar outcomes.
576445,3,FFF,0.2626,0.9907,0.0368,0.2877,Content+Markov+CF,FFF: matches your academic profile.
576780,1,CCC,0.9036,0.9096,0.0357,1.0,Content+Markov+CF,CCC: matches your academic profile; popular among students with similar study patterns.
576780,2,EEE,0.2483,0.9717,1.0,0.1648,Content+Markov+CF,EEE: matches your academic profile; commonly chosen next by students with similar outcomes.
576780,3,DDD,0.0857,0.9097,0.8571,0.0,Content+Markov,DDD: matches your academic profile; commonly chosen next by students with similar outcomes.
576791,1,CCC,0.9008,0.8518,0.0079,1.0,Content+Markov+CF,CCC: matches your academic profile; popular among students with similar study patterns.
576791,2,BBB,0.3577,0.9183,0.0079,0.3966,Content+Markov+CF,BBB: matches your academic profile; popular among students with similar study patterns.
576791,3,GGG,0.1307,1.0,0.0079,0.1443,Content+Markov+CF,GGG: matches your academic profile.
577035,1,CCC,0.9036,0.8918,0.0357,1.0,Content+Markov+CF,CCC: matches your academic profile; popular among students with similar study patterns.
577035,2,EEE,0.6152,0.9635,1.0,0.5725,Content+Markov+CF,EEE: matches your academic profile; commonly chosen next by students with similar outcomes; popular among students with similar study patterns.
577035,3,FFF,0.5938,0.9233,0.75,0.5764,Content+Markov+CF,FFF: matches your academic profile; commonly chosen next by students with similar outcomes; popular among students with similar study patterns.
577148,1,FFF,1.0,1.0,1.0,1.0,Content+Markov+CF,FFF: matches your academic profile; commonly chosen next by students with similar outcomes; popular among students with similar study patterns.
577148,2,GGG,0.7245,0.9778,0.0069,0.8042,Content+Markov+CF,GGG: matches your academic profile; popular among students with similar study patterns.
577148,3,CCC,0.5192,0.0,1.0,0.4658,Markov+CF,CCC: commonly chosen next by students with similar outcomes; popular among students with similar study patterns.
577149,1,BBB,0.9003,0.9466,0.0031,1.0,Content+Markov+CF,BBB: matches your academic profile; popular among students with similar study patterns.
577149,2,GGG,0.579,0.997,0.0031,0.643,Content+Markov+CF,GGG: matches your academic profile; popular among students with similar study patterns.
577149,3,CCC,0.2447,0.0,0.4458,0.2223,Markov+CF,CCC: commonly chosen next by students with similar outcomes.
577235,1,FFF,1.0,0.9122,1.0,1.0,Content+Markov+CF,FFF: matches your academic profile; commonly chosen next by students with similar outcomes; popular among students with similar study patterns.
577235,2,CCC,0.3074,0.0,0.0323,0.338,Markov+CF,CCC: popular among students with similar study patterns.
577235,3,BBB,0.1713,0.9205,0.0323,0.1867,Content+Markov+CF,BBB: matches your academic profile.
577279,1,CCC,0.9036,0.871,0.0357,1.0,Content+Markov+CF,CCC: matches your academic profile; popular among students with similar study patterns.
577279,2,EEE,0.4712,0.9607,1.0,0.4124,Content+Markov+CF,EEE: matches your academic profile; commonly chosen next by students with similar outcomes; popular among students with similar study patterns.
577279,3,BBB,0.0963,0.9286,0.0357,0.103,Content+Markov+CF,BBB: matches your academic profile.
577352,1,CCC,0.1,0.0,1.0,0.0,Markov,CCC: commonly chosen next by students with similar outcomes.
577352,2,DDD,0.0052,0.0,0.0517,0.0,Markov,DDD: recommended based on available signals.
577352,3,EEE,0.0052,0.0,0.0517,0.0,Markov,EEE: recommended based on available signals.
577427,1,CCC,0.9032,0.0,0.0323,1.0,Markov+CF,CCC: popular among students with similar study patterns.
577427,2,FFF,0.1,0.8789,1.0,0.0,Content+Markov,FFF: matches your academic profile; commonly chosen next by students with similar outcomes.
577427,3,DDD,0.0839,0.0,0.8387,0.0,Markov,DDD: commonly chosen next by students with similar outcomes.
577551,1,CCC,1.0,0.0,1.0,1.0,Markov+CF,CCC: commonly chosen next by students with similar outcomes; popular among students with similar study patterns.
577551,2,DDD,0.3853,0.0,0.9444,0.3232,Markov+CF,DDD: commonly chosen next by students with similar outcomes; popular among students with similar study patterns.
577551,3,FFF,0.2329,0.9256,1.0,0.1477,Content+Markov+CF,FFF: matches your academic profile; commonly chosen next by students with similar outcomes.
577686,1,FFF,1.0,0.9162,1.0,1.0,Content+Markov+CF,FFF: matches your academic profile; commonly chosen next by students with similar outcomes; popular among students with similar study patterns.
577686,2,BBB,0.6978,0.9232,0.0323,0.7718,Content+Markov+CF,BBB: matches your academic profile; popular among students with similar study patterns.
577686,3,DDD,0.4043,0.8841,0.8387,0.356,Content+Markov+CF,DDD: matches your academic profile; commonly chosen next by students with similar outcomes; popular among students with similar study patterns.
577688,1,EEE,0.1,1.0,1.0,0.0,Content+Markov,EEE: matches your academic profile; commonly chosen next by students with similar outcomes.
577688,2,CCC,0.0446,0.0,0.4458,0.0,Markov,CCC: commonly chosen next by students with similar outcomes.
577688,3,DDD,0.0421,0.0,0.4211,0.0,Markov,DDD: commonly chosen next by students with similar outcomes.
578034,1,FFF,1.0,0.9099,1.0,1.0,Content+Markov+CF,FFF: matches your academic profile; commonly chosen next by students with similar outcomes; popular among students with similar study patterns.
578034,2,GGG,0.5222,1.0,0.0069,0.5794,Content+Markov+CF,GGG: matches your academic profile; popular among students with similar study patterns.
578034,3,CCC,0.1,0.9417,1.0,0.0,Content+Markov,CCC: matches your academic profile; commonly chosen next by students with similar outcomes.
578820,1,FFF,1.0,0.9124,1.0,1.0,Content+Markov+CF,FFF: matches your academic profile; commonly chosen next by students with similar outcomes; popular among students with similar study patterns.
578820,2,CCC,0.419,0.919,1.0,0.3544,Content+Markov+CF,CCC: matches your academic profile; commonly chosen next by students with similar outcomes; popular among students with similar study patterns.
578820,3,GGG,0.2054,1.0,0.0069,0.2275,Content+Markov+CF,GGG: matches your academic profile.
578823,1,BBB,0.9003,0.9116,0.0031,1.0,Content+Markov+CF,BBB: matches your academic profile; popular among students with similar study patterns.
578823,2,CCC,0.7505,0.0,0.4458,0.7843,Markov+CF,CCC: commonly chosen next by students with similar outcomes; popular among students with similar study patterns.
578823,3,EEE,0.1,0.972,1.0,0.0,Content+Markov,EEE: matches your academic profile; commonly chosen next by students with similar outcomes.
578850,1,CCC,0.9008,0.8928,0.0079,1.0,Content+Markov+CF,CCC: matches your academic profile; popular among students with similar study patterns.
578850,2,EEE,0.1,0.969,1.0,0.0,Content+Markov,EEE: matches your academic profile; commonly chosen next by students with similar outcomes.
578850,3,FFF,0.0339,0.9336,0.3386,0.0,Content+Markov,FFF: matches your academic profile; commonly chosen next by students with similar outcomes.
579176,1,CCC,0.9446,0.9455,0.4458,1.0,Content+Markov+CF,CCC: matches your academic profile; commonly chosen next by students with similar outcomes; popular among students with similar study patterns.
579176,2,BBB,0.3583,0.9133,0.0031,0.3978,Content+Markov+CF,BBB: matches your academic profile; popular among students with similar study patterns.
579176,3,EEE,0.3141,0.969,1.0,0.2379,Content+Markov+CF,EEE: matches your academic profile; commonly chosen next by students with similar outcomes.
579321,1,CCC,0.1,0.0,1.0,0.0,Markov,CCC: commonly chosen next by students with similar outcomes.
579321,2,FFF,0.1,1.0,1.0,0.0,Content+Markov,FFF: matches your academic profile; commonly chosen next by students with similar outcomes.
579321,3,DDD,0.0944,0.0,0.9444,0.0,Markov,DDD: commonly chosen next by students with similar outcomes.
579340,1,CCC,1.0,0.0,1.0,1.0,Markov+CF,CCC: commonly chosen next by students with similar outcomes; popular among students with similar study patterns.
579340,2,FFF,0.4906,0.99,1.0,0.434,Content+Markov+CF,FFF: matches your academic profile; commonly chosen next by students with similar outcomes; popular among students with similar study patterns.
579340,3,DDD,0.4881,0.0,0.9444,0.4374,Markov+CF,DDD: commonly chosen next by students with similar outcomes; popular among students with similar study patterns.
579372,1,FFF,0.9446,1.0,0.4458,1.0,Content+Markov+CF,FFF: matches your academic profile; commonly chosen next by students with similar outcomes; popular among students with similar study patterns.
579372,2,CCC,0.4282,0.0,0.4458,0.4262,Markov+CF,CCC: commonly chosen next by students with similar outcomes; popular among students with similar study patterns.
579372,3,EEE,0.2571,0.9742,1.0,0.1746,Content+Markov+CF,EEE: matches your academic profile; commonly chosen next by students with similar outcomes.
580342,1,GGG,0.9008,1.0,0.0079,1.0,Content+Markov+CF,GGG: matches your academic profile; popular among students with similar study patterns.
580342,2,EEE,0.1,0.9639,1.0,0.0,Content+Markov,EEE: matches your academic profile; commonly chosen next by students with similar outcomes.
580342,3,DDD,0.0354,0.8963,0.3543,0.0,Content+Markov,DDD: matches your academic profile; commonly chosen next by students with similar outcomes.
580477,1,BBB,0.9003,1.0,0.0031,1.0,Content+Markov+CF,BBB: matches your academic profile; popular among students with similar study patterns.
580477,2,DDD,0.8027,0.0,0.4211,0.8451,Markov+CF,DDD: commonly chosen next by students with similar outcomes; popular among students with similar study patterns.
580477,3,EEE,0.7584,0.9781,1.0,0.7316,Content+Markov+CF,EEE: matches your academic profile; commonly chosen next by students with similar outcomes; popular among students with similar study patterns.
580657,1,CCC,0.9446,0.9627,0.4458,1.0,Content+Markov+CF,CCC: matches your academic profile; commonly chosen next by students with similar outcomes; popular among students with similar study patterns.
580657,2,BBB,0.5614,0.9434,0.0031,0.6234,Content+Markov+CF,BBB: matches your academic profile; popular among students with similar study patterns.
580657,3,DDD,0.2305,0.9101,0.4211,0.2093,Content+Markov+CF,DDD: matches your academic profile; commonly chosen next by students with similar outcomes.
580689,1,DDD,0.9052,0.8803,0.0517,1.0,Content+Markov+CF,DDD: matches your academic profile; popular among students with similar study patterns.
580689,2,CCC,0.7214,0.9925,1.0,0.6904,Content+Markov+CF,CCC: matches your academic profile; commonly chosen next by students with similar outcomes; popular among students with similar study patterns.
580689,3,EEE,0.0052,0.0,0.0517,0.0,Markov,EEE: recommended based on available signals.
580714,1,CCC,0.9008,0.8732,0.0079,1.0,Content+Markov+CF,CCC: matches your academic profile; popular among students with similar study patterns.
580714,2,BBB,0.6628,0.9299,0.0079,0.7356,Content+Markov+CF,BBB: matches your academic profile; popular among students with similar study patterns.
580714,3,EEE,0.5684,0.9626,1.0,0.5205,Content+Markov+CF,EEE: matches your academic profile; commonly chosen next by students with similar outcomes; popular among students with similar study patterns.
580779,1,EEE,1.0,0.9663,1.0,1.0,Content+Markov+CF,EEE: matches your academic profile; commonly chosen next by students with similar outcomes; popular among students with similar study patterns.
580779,2,BBB,0.2164,0.934,0.0079,0.2396,Content+Markov+CF,BBB: matches your academic profile.
580779,3,DDD,0.0354,0.8965,0.3543,0.0,Content+Markov,DDD: matches your academic profile; commonly chosen next by students with similar outcomes.
581065,1,FFF,1.0,0.9532,1.0,1.0,Content+Markov+CF,FFF: matches your academic profile; commonly chosen next by students with similar outcomes; popular among students with similar study patterns.
581065,2,AAA,0.7619,0.8856,0.0032,0.8462,Content+Markov+CF,AAA: matches your academic profile; popular among students with similar study patterns.
581065,3,CCC,0.0137,1.0,0.1374,0.0,Content+Markov,CCC: matches your academic profile.
581118,1,BBB,0.9143,0.9634,0.1429,1.0,Content+Markov+CF,BBB: matches your academic profile; popular among students with similar study patterns.
581118,2,CCC,0.4515,0.9019,0.1429,0.4858,Content+Markov+CF,CCC: matches your academic profile; popular among students with similar study patterns.
581118,3,DDD,0.1,0.9225,1.0,0.0,Content+Markov,DDD: matches your academic profile; commonly chosen next by students with similar outcomes.
581178,1,FFF,0.9429,0.9497,0.4286,1.0,Content+Markov+CF,FFF: matches your academic profile; commonly chosen next by students with similar outcomes; popular among students with similar study patterns.
581178,2,CCC,0.1725,0.8947,0.1429,0.1758,Content+Markov+CF,CCC: matches your academic profile.
581178,3,DDD,0.1,0.9173,1.0,0.0,Content+Markov,DDD: matches your academic profile; commonly chosen next by students with similar outcomes.
581656,1,CCC,0.9008,0.8757,0.0079,1.0,Content+Markov+CF,CCC: matches your academic profile; popular among students with similar study patterns.
581656,2,EEE,0.458,0.964,1.0,0.3978,Content+Markov+CF,EEE: matches your academic profile; commonly chosen next by students with similar outcomes; popular among students with similar study patterns.
581656,3,GGG,0.3261,1.0,0.0079,0.3615,Content+Markov+CF,GGG: matches your academic profile; popular among students with similar study patterns.
581708,1,FFF,1.0,0.8774,1.0,1.0,Content+Markov+CF,FFF: matches your academic profile; commonly chosen next by students with similar outcomes; popular among students with similar study patterns.
581708,2,CCC,0.5708,0.0,1.0,0.5231,Markov+CF,CCC: commonly chosen next by students with similar outcomes; popular among students with similar study patterns.
581708,3,BBB,0.4052,0.8755,0.0069,0.4495,Content+Markov+CF,BBB: matches your academic profile; popular among students with similar study patterns.
582087,1,FFF,1.0,0.9381,1.0,1.0,Content+Markov+CF,FFF: matches your academic profile; commonly chosen next by students with similar outcomes; popular among students with similar study patterns.
582087,2,CCC,0.3513,0.0,0.0323,0.3868,Markov+CF,CCC: popular among students with similar study patterns.
582087,3,DDD,0.1561,0.0,0.8387,0.0802,Markov+CF,DDD: commonly chosen next by students with similar outcomes.
582108,1,GGG,0.9007,1.0,0.0073,1.0,Content+Markov+CF,GGG: matches your academic profile; popular among students with similar study patterns.
582108,2,CCC,0.8237,0.8993,0.0073,0.9144,Content+Markov+CF,CCC: matches your academic profile; popular among students with similar study patterns.
582108,3,EEE,0.1,0.9619,1.0,0.0,Content+Markov,EEE: matches your academic profile; commonly chosen next by students with similar outcomes.
582460,1,DDD,1.0,0.9208,1.0,1.0,Content+Markov+CF,DDD: matches your academic profile; commonly chosen next by students with similar outcomes; popular among students with similar study patterns.
582460,2,CCC,0.9143,0.9094,0.1429,1.0,Content+Markov+CF,CCC: matches your academic profile; popular among students with similar study patterns.
582460,3,BBB,0.7883,0.9642,0.1429,0.86,Content+Markov+CF,BBB: matches your academic profile; popular among students with similar study patterns.
582514,1,FFF,1.0,0.9144,1.0,1.0,Content+Markov+CF,FFF: matches your academic profile; commonly chosen next by students with similar outcomes; popular among students with similar study patterns.
582514,2,CCC,0.2127,0.0,1.0,0.1252,Markov+CF,CCC: commonly chosen next by students with similar outcomes.
582514,3,GGG,0.1921,1.0,0.0069,0.2127,Content+Markov+CF,GGG: matches your academic profile.
582709,1,BBB,0.9143,0.9585,0.1429,1.0,Content+Markov+CF,BBB: matches your academic profile; popular among students with similar study patterns.
582709,2,DDD,0.1,0.9196,1.0,0.0,Content+Markov,DDD: matches your academic profile; commonly chosen next by students with similar outcomes.
582709,3,FFF,0.0429,0.9516,0.4286,0.0,Content+Markov,FFF: matches your academic profile; commonly chosen next by students with similar outcomes.
582879,1,EEE,1.0,0.9742,1.0,1.0,Content+Markov+CF,EEE: matches your academic profile; commonly chosen next by students with similar outcomes; popular among students with similar study patterns.
582879,2,FFF,0.0339,0.9353,0.3386,0.0,Content+Markov,FFF: matches your academic profile; commonly chosen next by students with similar outcomes.
582879,3,AAA,0.0008,0.9719,0.0079,0.0,Content+Markov,AAA: matches your academic profile.
582950,1,BBB,0.9036,0.9299,0.0357,1.0,Content+Markov+CF,BBB: matches your academic profile; popular among students with similar study patterns.
582950,2,DDD,0.6493,0.8905,0.8571,0.6262,Content+Markov+CF,DDD: matches your academic profile; commonly chosen next by students with similar outcomes; popular among students with similar study patterns.
582950,3,AAA,0.3986,0.9506,0.0357,0.4389,Content+Markov+CF,AAA: matches your academic profile; popular among students with similar study patterns.
583051,1,EEE,0.1,1.0,1.0,0.0,Content+Markov,EEE: matches your academic profile; commonly chosen next by students with similar outcomes.
583051,2,CCC,0.0446,0.0,0.4458,0.0,Markov,CCC: commonly chosen next by students with similar outcomes.
583051,3,DDD,0.0421,0.0,0.4211,0.0,Markov,DDD: commonly chosen next by students with similar outcomes.
583192,1,BBB,0.9022,0.9229,0.0222,1.0,Content+Markov+CF,BBB: matches your academic profile; popular among students with similar study patterns.
583192,2,CCC,0.8642,0.8742,0.0222,0.9577,Content+Markov+CF,CCC: matches your academic profile; popular among students with similar study patterns.
583192,3,DDD,0.4212,0.8803,1.0,0.3569,Content+Markov+CF,DDD: matches your academic profile; commonly chosen next by students with similar outcomes; popular among students with similar study patterns.
583293,1,EEE,1.0,0.9598,1.0,1.0,Content+Markov+CF,EEE: matches your academic profile; commonly chosen next by students with similar outcomes; popular among students with similar study patterns.
583293,2,CCC,0.2198,0.8743,0.0357,0.2403,Content+Markov+CF,CCC: matches your academic profile.
583293,3,FFF,0.075,0.9168,0.75,0.0,Content+Markov,FFF: matches your academic profile; commonly chosen next by students with similar outcomes.
583993,1,GGG,0.9007,1.0,0.0073,1.0,Content+Markov+CF,GGG: matches your academic profile; popular among students with similar study patterns.
583993,2,BBB,0.8033,0.923,0.0073,0.8917,Content+Markov+CF,BBB: matches your academic profile; popular among students with similar study patterns.
583993,3,CCC,0.575,0.8918,0.0073,0.6381,Content+Markov+CF,CCC: matches your academic profile; popular among students with similar study patterns.
584191,1,CCC,0.9022,0.8793,0.0222,1.0,Content+Markov+CF,CCC: matches your academic profile; popular among students with similar study patterns.
584191,2,DDD,0.3928,0.8866,1.0,0.3253,Content+Markov+CF,DDD: matches your academic profile; commonly chosen next by students with similar outcomes; popular among students with similar study patterns.
584191,3,GGG,0.3389,1.0,0.0222,0.3741,Content+Markov+CF,GGG: matches your academic profile; popular among students with similar study patterns.
584305,1,EEE,0.1,0.9886,1.0,0.0,Content+Markov,EEE: matches your academic profile; commonly chosen next by students with similar outcomes.
584305,2,CCC,0.0446,0.0,0.4458,0.0,Markov,CCC: commonly chosen next by students with similar outcomes.
584305,3,FFF,0.0446,1.0,0.4458,0.0,Content+Markov,FFF: matches your academic profile; commonly chosen next by students with similar outcomes.
584386,1,CCC,0.9032,0.8605,0.0323,1.0,Content+Markov+CF,CCC: matches your academic profile; popular among students with similar study patterns.
584386,2,FFF,0.1,0.9022,1.0,0.0,Content+Markov,FFF: matches your academic profile; commonly chosen next by students with similar outcomes.
584386,3,DDD,0.0839,0.8657,0.8387,0.0,Content+Markov,DDD: matches your academic profile; commonly chosen next by students with similar outcomes.
584414,1,CCC,1.0,0.0,1.0,1.0,Markov+CF,CCC: commonly chosen next by students with similar outcomes; popular among students with similar study patterns.
584414,2,DDD,0.3482,0.0,0.9444,0.2819,Markov+CF,DDD: commonly chosen next by students with similar outcomes.
584414,3,FFF,0.1,0.9263,1.0,0.0,Content+Markov,FFF: matches your academic profile; commonly chosen next by students with similar outcomes.
584443,1,DDD,0.9944,0.9474,0.9444,1.0,Content+Markov+CF,DDD: matches your academic profile; commonly chosen next by students with similar outcomes; popular among students with similar study patterns.
584443,2,CCC,0.4669,1.0,1.0,0.4077,Content+Markov+CF,CCC: matches your academic profile; commonly chosen next by students with similar outcomes; popular among students with similar study patterns.
584443,3,FFF,0.1,0.9627,1.0,0.0,Content+Markov,FFF: matches your academic profile; commonly chosen next by students with similar outcomes.
584446,1,EEE,0.9324,0.9812,1.0,0.9249,Content+Markov+CF,EEE: matches your academic profile; commonly chosen next by students with similar outcomes; popular among students with similar study patterns.
584446,2,BBB,0.9008,0.9473,0.0079,1.0,Content+Markov+CF,BBB: matches your academic profile; popular among students with similar study patterns.
584446,3,CCC,0.7943,0.0,0.0079,0.8817,Markov+CF,CCC: popular among students with similar study patterns.
584468,1,EEE,0.1,1.0,1.0,0.0,Content+Markov,EEE: matches your academic profile; commonly chosen next by students with similar outcomes.
584468,2,CCC,0.0446,0.0,0.4458,0.0,Markov,CCC: commonly chosen next by students with similar outcomes.
584468,3,DDD,0.0421,0.0,0.4211,0.0,Markov,DDD: commonly chosen next by students with similar outcomes.
584553,1,CCC,1.0,0.9293,1.0,1.0,Content+Markov+CF,CCC: matches your academic profile; commonly chosen next by students with similar outcomes; popular among students with similar study patterns.
584553,2,FFF,0.1,0.9236,1.0,0.0,Content+Markov,FFF: matches your academic profile; commonly chosen next by students with similar outcomes.
584553,3,DDD,0.0944,0.8897,0.9444,0.0,Content+Markov,DDD: matches your academic profile; commonly chosen next by students with similar outcomes.
584586,1,EEE,1.0,1.0,1.0,1.0,Content+Markov+CF,EEE: matches your academic profile; commonly chosen next by students with similar outcomes; popular among students with similar study patterns.
584586,2,CCC,0.0446,0.0,0.4458,0.0,Markov,CCC: commonly chosen next by students with similar outcomes.
584586,3,FFF,0.0446,0.9963,0.4458,0.0,Content+Markov,FFF: matches your academic profile; commonly chosen next by students with similar outcomes.
584749,1,EEE,1.0,0.9733,1.0,1.0,Content+Markov+CF,EEE: matches your academic profile; commonly chosen next by students with similar outcomes; popular among students with similar study patterns.
584749,2,CCC,0.4337,0.0,0.4458,0.4323,Markov+CF,CCC: commonly chosen next by students with similar outcomes; popular among students with similar study patterns.
584749,3,DDD,0.1911,0.0,0.4211,0.1656,Markov+CF,DDD: commonly chosen next by students with similar outcomes.
584913,1,FFF,1.0,0.976,1.0,1.0,Content+Markov+CF,FFF: matches your academic profile; commonly chosen next by students with similar outcomes; popular among students with similar study patterns.
584913,2,CCC,0.1,0.0,1.0,0.0,Markov,CCC: commonly chosen next by students with similar outcomes.
584913,3,DDD,0.0944,0.0,0.9444,0.0,Markov,DDD: commonly chosen next by students with similar outcomes.
585093,1,CCC,0.9036,0.8911,0.0357,1.0,Content+Markov+CF,CCC: matches your academic profile; popular among students with similar study patterns.
585093,2,EEE,0.1,0.9611,1.0,0.0,Content+Markov,EEE: matches your academic profile; commonly chosen next by students with similar outcomes.
585093,3,DDD,0.0857,0.8858,0.8571,0.0,Content+Markov,DDD: matches your academic profile; commonly chosen next by students with similar outcomes.
585098,1,EEE,1.0,0.9522,1.0,1.0,Content+Markov+CF,EEE: matches your academic profile; commonly chosen next by students with similar outcomes; popular among students with similar study patterns.
585098,2,CCC,0.5361,0.8523,0.0079,0.5948,Content+Markov+CF,CCC: matches your academic profile; popular among students with similar study patterns.
585098,3,FFF,0.0339,0.9061,0.3386,0.0,Content+Markov,FFF: matches your academic profile; commonly chosen next by students with similar outcomes.
585134,1,CCC,0.9008,0.8737,0.0079,1.0,Content+Markov+CF,CCC: matches your academic profile; popular among students with similar study patterns.
585134,2,EEE,0.5336,0.9603,1.0,0.4818,Content+Markov+CF,EEE: matches your academic profile; commonly chosen next by students with similar outcomes; popular among students with similar study patterns.
585134,3,FFF,0.492,0.9185,0.3386,0.509,Content+Markov+CF,FFF: matches your academic profile; commonly chosen next by students with similar outcomes; popular among students with similar study patterns.
585222,1,GGG,0.9007,1.0,0.0073,1.0,Content+Markov+CF,GGG: matches your academic profile; popular among students with similar study patterns.
585222,2,BBB,0.8653,0.9323,0.0073,0.9606,Content+Markov+CF,BBB: matches your academic profile; popular among students with similar study patterns.
585222,3,CCC,0.6381,0.0,0.0073,0.7082,Markov+CF,CCC: popular among students with similar study patterns.
585359,1,EEE,0.9088,0.9623,1.0,0.8987,Content+Markov+CF,EEE: matches your academic profile; commonly chosen next by students with similar outcomes; popular among students with similar study patterns.
585359,2,CCC,0.9008,0.0,0.0079,1.0,Markov+CF,CCC: popular among students with similar study patterns.
585359,3,FFF,0.5303,0.9243,0.3386,0.5516,Content+Markov+CF,FFF: matches your academic profile; commonly chosen next by students with similar outcomes; popular among students with similar study patterns.
585383,1,BBB,0.9008,0.9487,0.0079,1.0,Content+Markov+CF,BBB: matches your academic profile; popular among students with similar study patterns.
585383,2,CCC,0.4406,0.9109,0.0079,0.4887,Content+Markov+CF,CCC: matches your academic profile; popular among students with similar study patterns.
585383,3,EEE,0.294,0.9752,1.0,0.2155,Content+Markov+CF,EEE: matches your academic profile; commonly chosen next by students with similar outcomes.
585422,1,EEE,1.0,0.9616,1.0,1.0,Content+Markov+CF,EEE: matches your academic profile; commonly chosen next by students with similar outcomes; popular among students with similar study patterns.
585422,2,FFF,0.7872,0.9128,0.4458,0.8251,Content+Markov+CF,FFF: matches your academic profile; commonly chosen next by students with similar outcomes; popular among students with similar study patterns.
585422,3,CCC,0.6372,0.9142,0.4458,0.6585,Content+Markov+CF,CCC: matches your academic profile; commonly chosen next by students with similar outcomes; popular among students with similar study patterns.
585433,1,BBB,0.9007,0.9352,0.0069,1.0,Content+Markov+CF,BBB: matches your academic profile; popular among students with similar study patterns.
585433,2,CCC,0.7716,0.0,1.0,0.7462,Markov+CF,CCC: commonly chosen next by students with similar outcomes; popular among students with similar study patterns.
585433,3,DDD,0.4012,0.0,0.9444,0.3408,Markov+CF,DDD: commonly chosen next by students with similar outcomes; popular among students with similar study patterns.
585455,1,CCC,0.9022,0.8736,0.0222,1.0,Content+Markov+CF,CCC: matches your academic profile; popular among students with similar study patterns.
585455,2,FFF,0.3935,0.9171,0.9556,0.3311,Content+Markov+CF,FFF: matches your academic profile; commonly chosen next by students with similar outcomes; popular among students with similar study patterns.
585455,3,DDD,0.1855,0.8824,1.0,0.095,Content+Markov+CF,DDD: matches your academic profile; commonly chosen next by students with similar outcomes.
585464,1,DDD,0.9944,0.0,0.9444,1.0,Markov+CF,DDD: commonly chosen next by students with similar outcomes; popular among students with similar study patterns.
585464,2,CCC,0.4795,0.0,1.0,0.4217,Markov+CF,CCC: commonly chosen next by students with similar outcomes; popular among students with similar study patterns.
585464,3,BBB,0.1355,0.9202,0.0069,0.1498,Content+Markov+CF,BBB: matches your academic profile.
585681,1,BBB,0.9007,0.8965,0.0069,1.0,Content+Markov+CF,BBB: matches your academic profile; popular among students with similar study patterns.
585681,2,GGG,0.1877,1.0,0.0069,0.2078,Content+Markov+CF,GGG: matches your academic profile.
585681,3,CCC,0.1754,0.0,1.0,0.0838,Markov+CF,CCC: commonly chosen next by students with similar outcomes.
585695,1,EEE,1.0,0.9663,1.0,1.0,Content+Markov+CF,EEE: matches your academic profile; commonly chosen next by students with similar outcomes; popular among students with similar study patterns.
585695,2,CCC,0.7634,0.8933,0.0357,0.8442,Content+Markov+CF,CCC: matches your academic profile; popular among students with similar study patterns.
585695,3,FFF,0.4104,0.9276,0.75,0.3727,Content+Markov+CF,FFF: matches your academic profile; commonly chosen next by students with similar outcomes; popular among students with similar study patterns.
585769,1,DDD,0.9115,0.8672,0.1154,1.0,Content+Markov+CF,DDD: matches your academic profile; popular among students with similar study patterns.
585769,2,BBB,0.1835,0.9076,0.0192,0.2017,Content+Markov+CF,BBB: matches your academic profile.
585769,3,CCC,0.1599,0.9326,1.0,0.0665,Content+Markov+CF,CCC: matches your academic profile; commonly chosen next by students with similar outcomes.
586046,1,CCC,0.9032,0.8635,0.0323,1.0,Content+Markov+CF,CCC: matches your academic profile; popular among students with similar study patterns.
586046,2,DDD,0.4297,0.8652,0.8387,0.3842,Content+Markov+CF,DDD: matches your academic profile; commonly chosen next by students with similar outcomes; popular among students with similar study patterns.
586046,3,FFF,0.2924,0.9023,1.0,0.2138,Content+Markov+CF,FFF: matches your academic profile; commonly chosen next by students with similar outcomes.
586047,1,GGG,0.9032,1.0,0.0323,1.0,Content+Markov+CF,GGG: matches your academic profile; popular among students with similar study patterns.
586047,2,DDD,0.65,0.8701,0.8387,0.629,Content+Markov+CF,DDD: matches your academic profile; commonly chosen next by students with similar outcomes; popular among students with similar study patterns.
586047,3,FFF,0.4361,0.9057,1.0,0.3734,Content+Markov+CF,FFF: matches your academic profile; commonly chosen next by students with similar outcomes; popular among students with similar study patterns.
586060,1,FFF,1.0,0.9432,1.0,1.0,Content+Markov+CF,FFF: matches your academic profile; commonly chosen next by students with similar outcomes; popular among students with similar study patterns.
586060,2,DDD,0.6404,0.0,0.8387,0.6184,Markov+CF,DDD: commonly chosen next by students with similar outcomes; popular among students with similar study patterns.
586060,3,CCC,0.284,0.0,0.0323,0.312,Markov+CF,CCC: popular among students with similar study patterns.
586473,1,CCC,0.9032,0.0,0.0323,1.0,Markov+CF,CCC: popular among students with similar study patterns.
586473,2,FFF,0.676,0.9342,1.0,0.64,Content+Markov+CF,FFF: matches your academic profile; commonly chosen next by students with similar outcomes; popular among students with similar study patterns.
586473,3,DDD,0.536,0.0,0.8387,0.5024,Markov+CF,DDD: commonly chosen next by students with similar outcomes; popular among students with similar study patterns.
586497,1,CCC,0.9036,0.8728,0.0357,1.0,Content+Markov+CF,CCC: matches your academic profile; popular among students with similar study patterns.
586497,2,FFF,0.4493,0.9171,0.75,0.4159,Content+Markov+CF,FFF: matches your academic profile; commonly chosen next by students with similar outcomes; popular among students with similar study patterns.
586497,3,EEE,0.221,0.9592,1.0,0.1344,Content+Markov+CF,EEE: matches your academic profile; commonly chosen next by students with similar outcomes.
586502,1,FFF,0.9429,0.9442,0.4286,1.0,Content+Markov+CF,FFF: matches your academic profile; commonly chosen next by students with similar outcomes; popular among students with similar study patterns.
586502,2,EEE,0.1832,0.9871,0.1429,0.1877,Content+Markov+CF,EEE: matches your academic profile.
586502,3,CCC,0.1298,0.0,0.1429,0.1283,Markov+CF,CCC: recommended based on available signals.
586594,1,GGG,0.9008,1.0,0.0079,1.0,Content+Markov+CF,GGG: matches your academic profile; popular among students with similar study patterns.
586594,2,BBB,0.4089,0.9421,0.0079,0.4535,Content+Markov+CF,BBB: matches your academic profile; popular among students with similar study patterns.
586594,3,CCC,0.299,0.8894,0.0079,0.3313,Content+Markov+CF,CCC: matches your academic profile; popular among students with similar study patterns.
586668,1,GGG,0.9022,1.0,0.0222,1.0,Content+Markov+CF,GGG: matches your academic profile; popular among students with similar study patterns.
586668,2,DDD,0.4637,0.8645,1.0,0.4041,Content+Markov+CF,DDD: matches your academic profile; commonly chosen next by students with similar outcomes; popular among students with similar study patterns.
586668,3,CCC,0.3313,0.8556,0.0222,0.3656,Content+Markov+CF,CCC: matches your academic profile; popular among students with similar study patterns.
586750,1,CCC,0.9032,0.0,0.0323,1.0,Markov+CF,CCC: popular among students with similar study patterns.
586750,2,DDD,0.4613,0.0,0.8387,0.4194,Markov+CF,DDD: commonly chosen next by students with similar outcomes; popular among students with similar study patterns.
586750,3,FFF,0.4025,0.9076,1.0,0.3361,Content+Markov+CF,FFF: matches your academic profile; commonly chosen next by students with similar outcomes; popular among students with similar study patterns.
586762,1,EEE,1.0,0.972,1.0,1.0,Content+Markov+CF,EEE: matches your academic profile; commonly chosen next by students with similar outcomes; popular among students with similar study patterns.
586762,2,CCC,0.5009,0.0,0.0079,0.5557,Markov+CF,CCC: popular among students with similar study patterns.
586762,3,GGG,0.1523,1.0,0.0079,0.1683,Content+Markov+CF,GGG: matches your academic profile.
586808,1,BBB,0.9008,0.9314,0.0079,1.0,Content+Markov+CF,BBB: matches your academic profile; popular among students with similar study patterns.
586808,2,DDD,0.6179,0.892,0.3543,0.6472,Content+Markov+CF,DDD: matches your academic profile; commonly chosen next by students with similar outcomes; popular among students with similar study patterns.
586808,3,CCC,0.5639,0.8737,0.0079,0.6257,Content+Markov+CF,CCC: matches your academic profile; popular among students with similar study patterns.
586818,1,FFF,0.9036,0.9706,0.0357,1.0,Content+Markov+CF,FFF: matches your academic profile; popular among students with similar study patterns.
586818,2,BBB,0.1569,0.9773,1.0,0.0632,Content+Markov+CF,BBB: matches your academic profile; commonly chosen next by students with similar outcomes.
586818,3,CCC,0.1421,0.9174,0.0357,0.1539,Content+Markov+CF,CCC: matches your academic profile.
586838,1,GGG,0.9022,1.0,0.0222,1.0,Content+Markov+CF,GGG: matches your academic profile; popular among students with similar study patterns.
586838,2,CCC,0.4601,0.8572,0.0222,0.5088,Content+Markov+CF,CCC: matches your academic profile; popular among students with similar study patterns.
586838,3,FFF,0.3915,0.9079,0.9556,0.3288,Content+Markov+CF,FFF: matches your academic profile; commonly chosen next by students with similar outcomes; popular among students with similar study patterns.
586921,1,CCC,1.0,0.9351,1.0,1.0,Content+Markov+CF,CCC: matches your academic profile; commonly chosen next by students with similar outcomes; popular among students with similar study patterns.
586921,2,FFF,0.1,0.9343,1.0,0.0,Content+Markov,FFF: matches your academic profile; commonly chosen next by students with similar outcomes.
586921,3,DDD,0.0944,0.9066,0.9444,0.0,Content+Markov,DDD: matches your academic profile; commonly chosen next by students with similar outcomes.
586957,1,BBB,0.9025,0.9779,0.0247,1.0,Content+Markov+CF,BBB: matches your academic profile; popular among students with similar study patterns.
586957,2,GGG,0.7069,0.9592,0.0027,0.7851,Content+Markov+CF,GGG: matches your academic profile; popular among students with similar study patterns.
586957,3,CCC,0.4502,0.0,0.1538,0.4831,Markov+CF,CCC: popular among students with similar study patterns.
587122,1,CCC,1.0,0.0,1.0,1.0,Markov+CF,CCC: commonly chosen next by students with similar outcomes; popular among students with similar study patterns.
587122,2,GGG,0.709,0.9817,0.0172,0.7859,Content+Markov+CF,GGG: matches your academic profile; popular among students with similar study patterns.
587122,3,EEE,0.0052,0.0,0.0517,0.0,Markov,EEE: recommended based on available signals.
587179,1,AAA,0.9003,0.8649,0.0031,1.0,Content+Markov+CF,AAA: matches your academic profile; popular among students with similar study patterns.
587179,2,FFF,0.3537,1.0,0.4458,0.3435,Content+Markov+CF,FFF: matches your academic profile; commonly chosen next by students with similar outcomes; popular among students with similar study patterns.
587179,3,EEE,0.1,0.9869,1.0,0.0,Content+Markov,EEE: matches your academic profile; commonly chosen next by students with similar outcomes.
587509,1,BBB,0.9029,0.9984,0.0286,1.0,Content+Markov+CF,BBB: matches your academic profile; popular among students with similar study patterns.
587509,2,FFF,0.1,0.996,1.0,0.0,Content+Markov,FFF: matches your academic profile; commonly chosen next by students with similar outcomes.
587509,3,CCC,0.0857,0.9904,0.8571,0.0,Content+Markov,CCC: matches your academic profile; commonly chosen next by students with similar outcomes.
587641,1,FFF,0.9226,0.9145,0.2263,1.0,Content+Markov+CF,FFF: matches your academic profile; popular among students with similar study patterns.
587641,2,EEE,0.1,0.9556,1.0,0.0,Content+Markov,EEE: matches your academic profile; commonly chosen next by students with similar outcomes.
587641,3,AAA,0.0007,0.948,0.0073,0.0,Content+Markov,AAA: matches your academic profile.
587783,1,BBB,0.9008,0.9462,0.0079,1.0,Content+Markov+CF,BBB: matches your academic profile; popular among students with similar study patterns.
587783,2,CCC,0.3408,0.9062,0.0079,0.3778,Content+Markov+CF,CCC: matches your academic profile; popular among students with similar study patterns.
587783,3,GGG,0.2639,1.0,0.0079,0.2923,Content+Markov+CF,GGG: matches your academic profile.
587884,1,CCC,0.1,0.0,1.0,0.0,Markov,CCC: commonly chosen next by students with similar outcomes.
587884,2,FFF,0.1,1.0,1.0,0.0,Content+Markov,FFF: matches your academic profile; commonly chosen next by students with similar outcomes.
587884,3,DDD,0.0944,0.0,0.9444,0.0,Markov,DDD: commonly chosen next by students with similar outcomes.
587911,1,BBB,0.9022,0.9244,0.0222,1.0,Content+Markov+CF,BBB: matches your academic profile; popular among students with similar study patterns.
587911,2,CCC,0.6232,0.8733,0.0222,0.69,Content+Markov+CF,CCC: matches your academic profile; popular among students with similar study patterns.
587911,3,DDD,0.1,0.8824,1.0,0.0,Content+Markov,DDD: matches your academic profile; commonly chosen next by students with similar outcomes.
588175,1,CCC,0.9446,0.0,0.4458,1.0,Markov+CF,CCC: commonly chosen next by students with similar outcomes; popular among students with similar study patterns.
588175,2,EEE,0.1,0.9912,1.0,0.0,Content+Markov,EEE: matches your academic profile; commonly chosen next by students with similar outcomes.
588175,3,DDD,0.0421,0.0,0.4211,0.0,Markov,DDD: commonly chosen next by students with similar outcomes.
588178,1,FFF,0.9446,0.9287,0.4458,1.0,Content+Markov+CF,FFF: matches your academic profile; commonly chosen next by students with similar outcomes; popular among students with similar study patterns.
588178,2,GGG,0.3842,1.0,0.0031,0.4265,Content+Markov+CF,GGG: matches your academic profile; popular among students with similar study patterns.
588178,3,CCC,0.2571,0.9087,0.4458,0.2361,Content+Markov+CF,CCC: matches your academic profile; commonly chosen next by students with similar outcomes.
588219,1,FFF,0.9226,0.9444,0.2263,1.0,Content+Markov+CF,FFF: matches your academic profile; popular among students with similar study patterns.
588219,2,BBB,0.6121,0.9494,0.0073,0.6793,Content+Markov+CF,BBB: matches your academic profile; popular among students with similar study patterns.
588219,3,EEE,0.1,0.9717,1.0,0.0,Content+Markov,EEE: matches your academic profile; commonly chosen next by students with similar outcomes.
588402,1,FFF,1.0,0.9215,1.0,1.0,Content+Markov+CF,FFF: matches your academic profile; commonly chosen next by students with similar outcomes; popular among students with similar study patterns.
588402,2,GGG,0.171,1.0,0.0323,0.1864,Content+Markov+CF,GGG: matches your academic profile.
588402,3,DDD,0.0839,0.8913,0.8387,0.0,Content+Markov,DDD: matches your academic profile; commonly chosen next by students with similar outcomes.
588430,1,CCC,0.9008,0.0,0.0079,1.0,Markov+CF,CCC: popular among students with similar study patterns.
588430,2,EEE,0.1,0.9698,1.0,0.0,Content+Markov,EEE: matches your academic profile; commonly chosen next by students with similar outcomes.
588430,3,FFF,0.0339,0.9419,0.3386,0.0,Content+Markov,FFF: matches your academic profile; commonly chosen next by students with similar outcomes.
588493,1,BBB,0.9007,0.9171,0.0073,1.0,Content+Markov+CF,BBB: matches your academic profile; popular among students with similar study patterns.
588493,2,GGG,0.1907,1.0,0.0073,0.2111,Content+Markov+CF,GGG: matches your academic profile.
588493,3,CCC,0.13,0.0,0.0073,0.1436,Markov+CF,CCC: recommended based on available signals.
588524,1,CCC,0.9022,0.0,0.0222,1.0,Markov+CF,CCC: popular among students with similar study patterns.
588524,2,FFF,0.4656,0.9193,0.9556,0.4112,Content+Markov+CF,FFF: matches your academic profile; commonly chosen next by students with similar outcomes; popular among students with similar study patterns.
588524,3,DDD,0.1,0.0,1.0,0.0,Markov,DDD: commonly chosen next by students with similar outcomes.
588556,1,BBB,0.9007,0.9392,0.0073,1.0,Content+Markov+CF,BBB: matches your academic profile; popular among students with similar study patterns.
588556,2,AAA,0.455,0.955,0.0073,0.5048,Content+Markov+CF,AAA: matches your academic profile; popular among students with similar study patterns.
588556,3,GGG,0.3474,1.0,0.0073,0.3852,Content+Markov+CF,GGG: matches your academic profile; popular among students with similar study patterns.
588628,1,BBB,0.9011,0.9327,0.0106,1.0,Content+Markov+CF,BBB: matches your academic profile; popular among students with similar study patterns.
588628,2,CCC,0.4799,0.8706,1.0,0.4221,Content+Markov+CF,CCC: matches your academic profile; commonly chosen next by students with similar outcomes; popular among students with similar study patterns.
588628,3,DDD,0.0027,0.8943,0.0266,0.0,Content+Markov,DDD: matches your academic profile.
588694,1,CCC,0.1,0.0,1.0,0.0,Markov,CCC: commonly chosen next by students with similar outcomes.
588694,2,FFF,0.1,0.9865,1.0,0.0,Content+Markov,FFF: matches your academic profile; commonly chosen next by students with similar outcomes.
588694,3,DDD,0.0944,0.0,0.9444,0.0,Markov,DDD: commonly chosen next by students with similar outcomes.
588707,1,CCC,0.9036,0.9243,0.0357,1.0,Content+Markov+CF,CCC: matches your academic profile; popular among students with similar study patterns.
588707,2,FFF,0.3145,0.946,0.75,0.2661,Content+Markov+CF,FFF: matches your academic profile; commonly chosen next by students with similar outcomes.
588707,3,EEE,0.1943,0.9765,1.0,0.1048,Content+Markov+CF,EEE: matches your academic profile; commonly chosen next by students with similar outcomes.
588710,1,FFF,1.0,0.9507,1.0,1.0,Content+Markov+CF,FFF: matches your academic profile; commonly chosen next by students with similar outcomes; popular among students with similar study patterns.
588710,2,CCC,0.6436,0.0,1.0,0.604,Markov+CF,CCC: commonly chosen next by students with similar outcomes; popular among students with similar study patterns.
588710,3,BBB,0.5141,0.9444,0.0069,0.5704,Content+Markov+CF,BBB: matches your academic profile; popular among students with similar study patterns.
588824,1,BBB,0.9003,0.9081,0.0031,1.0,Content+Markov+CF,BBB: matches your academic profile; popular among students with similar study patterns.
588824,2,CCC,0.8394,0.0,0.4458,0.8831,Markov+CF,CCC: commonly chosen next by students with similar outcomes; popular among students with similar study patterns.
588824,3,GGG,0.5232,1.0,0.0031,0.581,Content+Markov+CF,GGG: matches your academic profile; popular among students with similar study patterns.
588944,1,BBB,0.9143,0.9627,0.1429,1.0,Content+Markov+CF,BBB: matches your academic profile; popular among students with similar study patterns.
588944,2,FFF,0.393,0.9555,0.4286,0.3891,Content+Markov+CF,FFF: matches your academic profile; commonly chosen next by students with similar outcomes; popular among students with similar study patterns.
588944,3,DDD,0.3853,0.9216,1.0,0.317,Content+Markov+CF,DDD: matches your academic profile; commonly chosen next by students with similar outcomes; popular among students with similar study patterns.
589023,1,CCC,0.1,0.0,1.0,0.0,Markov,CCC: commonly chosen next by students with similar outcomes.
589023,2,FFF,0.1,0.9757,1.0,0.0,Content+Markov,FFF: matches your academic profile; commonly chosen next by students with similar outcomes.
589023,3,DDD,0.0944,0.0,0.9444,0.0,Markov,DDD: commonly chosen next by students with similar outcomes.
589327,1,FFF,1.0,0.8674,1.0,1.0,Content+Markov+CF,FFF: matches your academic profile; commonly chosen next by students with similar outcomes; popular among students with similar study patterns.
589327,2,CCC,0.1528,0.0,1.0,0.0587,Markov+CF,CCC: commonly chosen next by students with similar outcomes.
589327,3,DDD,0.0944,0.0,0.9444,0.0,Markov,DDD: commonly chosen next by students with similar outcomes.
589956,1,CCC,0.9036,0.0,0.0357,1.0,Markov+CF,CCC: popular among students with similar study patterns.
589956,2,EEE,0.8873,0.973,1.0,0.8748,Content+Markov+CF,EEE: matches your academic profile; commonly chosen next by students with similar outcomes; popular among students with similar study patterns.
589956,3,FFF,0.075,0.9304,0.75,0.0,Content+Markov,FFF: matches your academic profile; commonly chosen next by students with similar outcomes.
590072,1,CCC,0.9032,0.0,0.0323,1.0,Markov+CF,CCC: popular among students with similar study patterns.
590072,2,DDD,0.7519,0.0,0.8387,0.7422,Markov+CF,DDD: commonly chosen next by students with similar outcomes; popular among students with similar study patterns.
590072,3,BBB,0.6671,0.9709,0.0323,0.7376,Content+Markov+CF,BBB: matches your academic profile; popular among students with similar study patterns.
590593,1,EEE,0.9005,1.0,0.0053,1.0,Content+Markov+CF,EEE: matches your academic profile; popular among students with similar study patterns.
590593,2,FFF,0.4339,0.9567,0.0368,0.478,Content+Markov+CF,FFF: matches your academic profile; popular among students with similar study patterns.
590593,3,BBB,0.3629,0.9632,1.0,0.2921,Content+Markov+CF,BBB: matches your academic profile; commonly chosen next by students with similar outcomes.
590626,1,CCC,1.0,0.0,1.0,1.0,Markov+CF,CCC: commonly chosen next by students with similar outcomes; popular among students with similar study patterns.
590626,2,DDD,0.4807,0.0,0.9444,0.4292,Markov+CF,DDD: commonly chosen next by students with similar outcomes; popular among students with similar study patterns.
590626,3,FFF,0.3977,0.9404,1.0,0.3308,Content+Markov+CF,FFF: matches your academic profile; commonly chosen next by students with similar outcomes; popular among students with similar study patterns.
590877,1,GGG,0.9032,1.0,0.0323,1.0,Content+Markov+CF,GGG: matches your academic profile; popular among students with similar study patterns.
590877,2,BBB,0.6005,0.9367,0.0323,0.6636,Content+Markov+CF,BBB: matches your academic profile; popular among students with similar study patterns.
590877,3,FFF,0.4385,0.9306,1.0,0.3761,Content+Markov+CF,FFF: matches your academic profile; commonly chosen next by students with similar outcomes; popular among students with similar study patterns.
590881,1,BBB,0.9003,0.9859,0.0031,1.0,Content+Markov+CF,BBB: matches your academic profile; popular among students with similar study patterns.
590881,2,EEE,0.1,0.9687,1.0,0.0,Content+Markov,EEE: matches your academic profile; commonly chosen next by students with similar outcomes.
590881,3,CCC,0.0446,0.0,0.4458,0.0,Markov,CCC: commonly chosen next by students with similar outcomes.
590961,1,FFF,1.0,0.9676,1.0,1.0,Content+Markov+CF,FFF: matches your academic profile; commonly chosen next by students with similar outcomes; popular among students with similar study patterns.
590961,2,DDD,0.1574,0.0,0.9444,0.0699,Markov+CF,DDD: commonly chosen next by students with similar outcomes.
590961,3,GGG,0.1109,1.0,0.0069,0.1224,Content+Markov+CF,GGG: matches your academic profile.
591230,1,CCC,0.9008,0.8543,0.0079,1.0,Content+Markov+CF,CCC: matches your academic profile; popular among students with similar study patterns.
591230,2,EEE,0.4834,0.9509,1.0,0.426,Content+Markov+CF,EEE: matches your academic profile; commonly chosen next by students with similar outcomes; popular among students with similar study patterns.
591230,3,FFF,0.3798,0.9013,0.3386,0.3844,Content+Markov+CF,FFF: matches your academic profile; commonly chosen next by students with similar outcomes; popular among students with similar study patterns.
591375,1,GGG,0.9042,1.0,0.0417,1.0,Content+Markov+CF,GGG: matches your academic profile; popular among students with similar study patterns.
591375,2,DDD,0.2831,0.8861,1.0,0.2034,Content+Markov+CF,DDD: matches your academic profile; commonly chosen next by students with similar outcomes.
591375,3,CCC,0.1872,0.8737,0.0417,0.2034,Content+Markov+CF,CCC: matches your academic profile.
591388,1,DDD,1.0,0.8848,1.0,1.0,Content+Markov+CF,DDD: matches your academic profile; commonly chosen next by students with similar outcomes; popular among students with similar study patterns.
591388,2,BBB,0.5302,0.9258,0.0417,0.5845,Content+Markov+CF,BBB: matches your academic profile; popular among students with similar study patterns.
591388,3,FFF,0.0875,0.9186,0.875,0.0,Content+Markov,FFF: matches your academic profile; commonly chosen next by students with similar outcomes.
591566,1,CCC,1.0,0.0,1.0,1.0,Markov+CF,CCC: commonly chosen next by students with similar outcomes; popular among students with similar study patterns.
591566,2,FFF,0.1,0.9498,1.0,0.0,Content+Markov,FFF: matches your academic profile; commonly chosen next by students with similar outcomes.
591566,3,DDD,0.0944,0.0,0.9444,0.0,Markov,DDD: commonly chosen next by students with similar outcomes.
591655,1,FFF,0.1,0.0,1.0,0.0,Markov,FFF: commonly chosen next by students with similar outcomes.
591655,2,CCC,0.0857,0.0,0.8571,0.0,Markov,CCC: commonly chosen next by students with similar outcomes.
591655,3,EEE,0.0114,0.9888,0.1143,0.0,Content+Markov,EEE: matches your academic profile.
591719,1,DDD,0.9944,0.0,0.9444,1.0,Markov+CF,DDD: commonly chosen next by students with similar outcomes; popular among students with similar study patterns.
591719,2,FFF,0.9338,1.0,1.0,0.9265,Content+Markov+CF,FFF: matches your academic profile; commonly chosen next by students with similar outcomes; popular among students with similar study patterns.
591719,3,BBB,0.1766,0.9888,0.0069,0.1954,Content+Markov+CF,BBB: matches your academic profile.
591869,1,FFF,1.0,0.8721,1.0,1.0,Content+Markov+CF,FFF: matches your academic profile; commonly chosen next by students with similar outcomes; popular among students with similar study patterns.
591869,2,CCC,0.1,0.0,1.0,0.0,Markov,CCC: commonly chosen next by students with similar outcomes.
591869,3,DDD,0.0944,0.0,0.9444,0.0,Markov,DDD: commonly chosen next by students with similar outcomes.
591891,1,EEE,1.0,0.9617,1.0,1.0,Content+Markov+CF,EEE: matches your academic profile; commonly chosen next by students with similar outcomes; popular among students with similar study patterns.
591891,2,CCC,0.8799,0.8715,0.0079,0.9768,Content+Markov+CF,CCC: matches your academic profile; popular among students with similar study patterns.
591891,3,BBB,0.6001,0.93,0.0079,0.6659,Content+Markov+CF,BBB: matches your academic profile; popular among students with similar study patterns.
591958,1,CCC,0.9042,0.0,0.0417,1.0,Markov+CF,CCC: popular among students with similar study patterns.
591958,2,DDD,0.2452,0.0,1.0,0.1613,Markov+CF,DDD: commonly chosen next by students with similar outcomes.
591958,3,FFF,0.0875,0.9354,0.875,0.0,Content+Markov,FFF: matches your academic profile; commonly chosen next by students with similar outcomes.
592007,1,BBB,0.9007,0.9561,0.0073,1.0,Content+Markov+CF,BBB: matches your academic profile; popular among students with similar study patterns.
592007,2,EEE,0.4073,0.9783,1.0,0.3414,Content+Markov+CF,EEE: matches your academic profile; commonly chosen next by students with similar outcomes; popular among students with similar study patterns.
592007,3,GGG,0.2049,1.0,0.0073,0.2269,Content+Markov+CF,GGG: matches your academic profile.
592051,1,CCC,0.9022,0.0,0.0222,1.0,Markov+CF,CCC: popular among students with similar study patterns.
592051,2,DDD,0.4615,0.0,1.0,0.4017,Markov+CF,DDD: commonly chosen next by students with similar outcomes; popular among students with similar study patterns.
592051,3,FFF,0.0956,0.9342,0.9556,0.0,Content+Markov,FFF: matches your academic profile; commonly chosen next by students with similar outcomes.
592093,1,GGG,0.9008,1.0,0.0079,1.0,Content+Markov+CF,GGG: matches your academic profile; popular among students with similar study patterns.
592093,2,EEE,0.1,0.9935,1.0,0.0,Content+Markov,EEE: matches your academic profile; commonly chosen next by students with similar outcomes.
592093,3,FFF,0.0339,0.9428,0.3386,0.0,Content+Markov,FFF: matches your academic profile; commonly chosen next by students with similar outcomes.
592284,1,EEE,1.0,0.9754,1.0,1.0,Content+Markov+CF,EEE: matches your academic profile; commonly chosen next by students with similar outcomes; popular among students with similar study patterns.
592284,2,GGG,0.7386,0.9256,0.0031,0.8203,Content+Markov+CF,GGG: matches your academic profile; popular among students with similar study patterns.
592284,3,CCC,0.0446,0.0,0.4458,0.0,Markov,CCC: commonly chosen next by students with similar outcomes.
592437,1,EEE,0.9759,1.0,1.0,0.9732,Content+Markov+CF,EEE: matches your academic profile; commonly chosen next by students with similar outcomes; popular among students with similar study patterns.
592437,2,DDD,0.9421,0.0,0.4211,1.0,Markov+CF,DDD: commonly chosen next by students with similar outcomes; popular among students with similar study patterns.
592437,3,BBB,0.8043,0.9778,0.0031,0.8933,Content+Markov+CF,BBB: matches your academic profile; popular among students with similar study patterns.
592494,1,FFF,0.9339,0.9133,0.3386,1.0,Content+Markov+CF,FFF: matches your academic profile; commonly chosen next by students with similar outcomes; popular among students with similar study patterns.
592494,2,CCC,0.4844,0.0,0.0079,0.5373,Markov+CF,CCC: popular among students with similar study patterns.
592494,3,BBB,0.1524,0.9203,0.0079,0.1685,Content+Markov+CF,BBB: matches your academic profile.
592609,1,DDD,0.9944,0.0,0.9444,1.0,Markov+CF,DDD: commonly chosen next by students with similar outcomes; popular among students with similar study patterns.
592609,2,CCC,0.9262,0.0,1.0,0.918,Markov+CF,CCC: commonly chosen next by students with similar outcomes; popular among students with similar study patterns.
592609,3,BBB,0.5572,0.9141,0.0069,0.6183,Content+Markov+CF,BBB: matches your academic profile; popular among students with similar study patterns.
592625,1,CCC,0.9008,0.8949,0.0079,1.0,Content+Markov+CF,CCC: matches your academic profile; popular among students with similar study patterns.
592625,2,EEE,0.3926,0.967,1.0,0.3251,Content+Markov+CF,EEE: matches your academic profile; commonly chosen next by students with similar outcomes; popular among students with similar study patterns.
592625,3,FFF,0.3882,0.9276,0.3386,0.3937,Content+Markov+CF,FFF: matches your academic profile; commonly chosen next by students with similar outcomes; popular among students with similar study patterns.
592787,1,DDD,0.9944,0.0,0.9444,1.0,Markov+CF,DDD: commonly chosen next by students with similar outcomes; popular among students with similar study patterns.
592787,2,CCC,0.2611,0.0,1.0,0.179,Markov+CF,CCC: commonly chosen next by students with similar outcomes.
592787,3,FFF,0.1,0.9056,1.0,0.0,Content+Markov,FFF: matches your academic profile; commonly chosen next by students with similar outcomes.
592842,1,FFF,1.0,0.9732,1.0,1.0,Content+Markov+CF,FFF: matches your academic profile; commonly chosen next by students with similar outcomes; popular among students with similar study patterns.
592842,2,CCC,0.1687,0.0,0.0323,0.1839,Markov+CF,CCC: recommended based on available signals.
592842,3,DDD,0.0839,0.0,0.8387,0.0,Markov,DDD: commonly chosen next by students with similar outcomes.
592939,1,EEE,0.9016,0.983,0.016,1.0,Content+Markov+CF,EEE: matches your academic profile; popular among students with similar study patterns.
592939,2,CCC,0.7152,0.0,1.0,0.6836,Markov+CF,CCC: commonly chosen next by students with similar outcomes; popular among students with similar study patterns.
592939,3,BBB,0.5435,0.9299,0.0106,0.6027,Content+Markov+CF,BBB: matches your academic profile; popular among students with similar study patterns.
592961,1,CCC,0.9042,0.8724,0.0417,1.0,Content+Markov+CF,CCC: matches your academic profile; popular among students with similar study patterns.
592961,2,FFF,0.8183,0.9131,0.875,0.812,Content+Markov+CF,FFF: matches your academic profile; commonly chosen next by students with similar outcomes; popular among students with similar study patterns.
592961,3,DDD,0.4791,0.8775,1.0,0.4212,Content+Markov+CF,DDD: matches your academic profile; commonly chosen next by students with similar outcomes; popular among students with similar study patterns.
592997,1,FFF,1.0,0.894,1.0,1.0,Content+Markov+CF,FFF: matches your academic profile; commonly chosen next by students with similar outcomes; popular among students with similar study patterns.
592997,2,AAA,0.542,0.9027,0.0323,0.5986,Content+Markov+CF,AAA: matches your academic profile; popular among students with similar study patterns.
592997,3,GGG,0.4653,1.0,0.0323,0.5134,Content+Markov+CF,GGG: matches your academic profile; popular among students with similar study patterns.
593103,1,AAA,0.9008,0.9749,0.0079,1.0,Content+Markov+CF,AAA: matches your academic profile; popular among students with similar study patterns.
593103,2,BBB,0.2967,0.9494,0.0079,0.3288,Content+Markov+CF,BBB: matches your academic profile; popular among students with similar study patterns.
593103,3,FFF,0.2551,0.9443,0.3386,0.2458,Content+Markov+CF,FFF: matches your academic profile; commonly chosen next by students with similar outcomes.
593345,1,BBB,1.0,0.9362,1.0,1.0,Content+Markov+CF,BBB: matches your academic profile; commonly chosen next by students with similar outcomes; popular among students with similar study patterns.
593345,2,FFF,0.2414,0.9402,0.0357,0.2642,Content+Markov+CF,FFF: matches your academic profile.
593345,3,CCC,0.1261,1.0,0.0357,0.1361,Content+Markov+CF,CCC: matches your academic profile.
593823,1,BBB,0.9036,0.9378,0.0357,1.0,Content+Markov+CF,BBB: matches your academic profile; popular among students with similar study patterns.
593823,2,EEE,0.1,0.9667,1.0,0.0,Content+Markov,EEE: matches your academic profile; commonly chosen next by students with similar outcomes.
593823,3,DDD,0.0857,0.9023,0.8571,0.0,Content+Markov,DDD: matches your academic profile; commonly chosen next by students with similar outcomes.
594111,1,BBB,0.9007,0.9544,0.0069,1.0,Content+Markov+CF,BBB: matches your academic profile; popular among students with similar study patterns.
594111,2,CCC,0.1,0.0,1.0,0.0,Markov,CCC: commonly chosen next by students with similar outcomes.
594111,3,FFF,0.1,0.9614,1.0,0.0,Content+Markov,FFF: matches your academic profile; commonly chosen next by students with similar outcomes.
594199,1,DDD,0.9944,0.0,0.9444,1.0,Markov+CF,DDD: commonly chosen next by students with similar outcomes; popular among students with similar study patterns.
594199,2,CCC,0.1,0.0,1.0,0.0,Markov,CCC: commonly chosen next by students with similar outcomes.
594199,3,FFF,0.1,0.9574,1.0,0.0,Content+Markov,FFF: matches your academic profile; commonly chosen next by students with similar outcomes.
594319,1,BBB,0.9003,0.9636,0.0031,1.0,Content+Markov+CF,BBB: matches your academic profile; popular among students with similar study patterns.
594319,2,EEE,0.1,1.0,1.0,0.0,Content+Markov,EEE: matches your academic profile; commonly chosen next by students with similar outcomes.
594319,3,CCC,0.0446,0.0,0.4458,0.0,Markov,CCC: commonly chosen next by students with similar outcomes.
594326,1,BBB,0.9008,0.9297,0.0079,1.0,Content+Markov+CF,BBB: matches your academic profile; popular among students with similar study patterns.
594326,2,EEE,0.1,0.9788,1.0,0.0,Content+Markov,EEE: matches your academic profile; commonly chosen next by students with similar outcomes.
594326,3,DDD,0.0354,0.8861,0.3543,0.0,Content+Markov,DDD: matches your academic profile; commonly chosen next by students with similar outcomes.
594399,1,GGG,0.9007,0.9929,0.0069,1.0,Content+Markov+CF,GGG: matches your academic profile; popular among students with similar study patterns.
594399,2,AAA,0.7663,1.0,0.0069,0.8507,Content+Markov+CF,AAA: matches your academic profile; popular among students with similar study patterns.
594399,3,FFF,0.6836,0.9669,1.0,0.6484,Content+Markov+CF,FFF: matches your academic profile; commonly chosen next by students with similar outcomes; popular among students with similar study patterns.
594419,1,GGG,0.9008,1.0,0.0079,1.0,Content+Markov+CF,GGG: matches your academic profile; popular among students with similar study patterns.
594419,2,CCC,0.4005,0.922,0.0079,0.4441,Content+Markov+CF,CCC: matches your academic profile; popular among students with similar study patterns.
594419,3,FFF,0.2059,0.9324,0.3386,0.1912,Content+Markov+CF,FFF: matches your academic profile; commonly chosen next by students with similar outcomes.
594851,1,FFF,0.1,0.9627,1.0,0.0,Content+Markov,FFF: matches your academic profile; commonly chosen next by students with similar outcomes.
594851,2,DDD,0.0839,0.0,0.8387,0.0,Markov,DDD: commonly chosen next by students with similar outcomes.
594851,3,AAA,0.0032,0.929,0.0323,0.0,Content+Markov,AAA: matches your academic profile.
595164,1,CCC,0.9008,0.922,0.0079,1.0,Content+Markov+CF,CCC: matches your academic profile; popular among students with similar study patterns.
595164,2,GGG,0.6916,1.0,0.0079,0.7676,Content+Markov+CF,GGG: matches your academic profile; popular among students with similar study patterns.
595164,3,EEE,0.1,0.9784,1.0,0.0,Content+Markov,EEE: matches your academic profile; commonly chosen next by students with similar outcomes.
595189,1,CCC,0.9042,0.8707,0.0417,1.0,Content+Markov+CF,CCC: matches your academic profile; popular among students with similar study patterns.
595189,2,DDD,0.1,0.8944,1.0,0.0,Content+Markov,DDD: matches your academic profile; commonly chosen next by students with similar outcomes.
595189,3,FFF,0.0875,0.9259,0.875,0.0,Content+Markov,FFF: matches your academic profile; commonly chosen next by students with similar outcomes.
595365,1,BBB,0.9143,0.9644,0.1429,1.0,Content+Markov+CF,BBB: matches your academic profile; popular among students with similar study patterns.
595365,2,DDD,0.1,0.9227,1.0,0.0,Content+Markov,DDD: matches your academic profile; commonly chosen next by students with similar outcomes.
595365,3,FFF,0.0429,0.9571,0.4286,0.0,Content+Markov,FFF: matches your academic profile; commonly chosen next by students with similar outcomes.
595492,1,FFF,1.0,0.9405,1.0,1.0,Content+Markov+CF,FFF: matches your academic profile; commonly chosen next by students with similar outcomes; popular among students with similar study patterns.
595492,2,CCC,0.2227,0.0,0.0323,0.2439,Markov+CF,CCC: recommended based on available signals.
595492,3,DDD,0.0839,0.0,0.8387,0.0,Markov,DDD: commonly chosen next by students with similar outcomes.
595495,1,FFF,0.9339,0.9265,0.3386,1.0,Content+Markov+CF,FFF: matches your academic profile; commonly chosen next by students with similar outcomes; popular among students with similar study patterns.
595495,2,BBB,0.877,0.9332,0.0079,0.9736,Content+Markov+CF,BBB: matches your academic profile; popular among students with similar study patterns.
595495,3,GGG,0.7909,1.0,0.0079,0.8779,Content+Markov+CF,GGG: matches your academic profile; popular among students with similar study patterns.
595655,1,GGG,0.9003,0.9425,0.0031,1.0,Content+Markov+CF,GGG: matches your academic profile; popular among students with similar study patterns.
595655,2,EEE,0.1,0.9734,1.0,0.0,Content+Markov,EEE: matches your academic profile; commonly chosen next by students with similar outcomes.
595655,3,CCC,0.0446,0.0,0.4458,0.0,Markov,CCC: commonly chosen next by students with similar outcomes.
595659,1,FFF,0.9339,0.9482,0.3386,1.0,Content+Markov+CF,FFF: matches your academic profile; commonly chosen next by students with similar outcomes; popular among students with similar study patterns.
595659,2,EEE,0.1,0.9783,1.0,0.0,Content+Markov,EEE: matches your academic profile; commonly chosen next by students with similar outcomes.
595659,3,AAA,0.0008,0.9992,0.0079,0.0,Content+Markov,AAA: matches your academic profile.
595685,1,BBB,0.9003,0.9787,0.0031,1.0,Content+Markov+CF,BBB: matches your academic profile; popular among students with similar study patterns.
595685,2,AAA,0.1206,0.985,0.0031,0.1337,Content+Markov+CF,AAA: matches your academic profile.
595685,3,EEE,0.1,1.0,1.0,0.0,Content+Markov,EEE: matches your academic profile; commonly chosen next by students with similar outcomes.
595746,1,GGG,0.9003,0.9711,0.0031,1.0,Content+Markov+CF,GGG: matches your academic profile; popular among students with similar study patterns.
595746,2,EEE,0.5495,1.0,1.0,0.4994,Content+Markov+CF,EEE: matches your academic profile; commonly chosen next by students with similar outcomes; popular among students with similar study patterns.
595746,3,DDD,0.5057,0.0,0.4211,0.5151,Markov+CF,DDD: commonly chosen next by students with similar outcomes; popular among students with similar study patterns.
595781,1,BBB,0.9032,0.9393,0.0323,1.0,Content+Markov+CF,BBB: matches your academic profile; popular among students with similar study patterns.
595781,2,FFF,0.4584,0.9334,1.0,0.3982,Content+Markov+CF,FFF: matches your academic profile; commonly chosen next by students with similar outcomes; popular among students with similar study patterns.
595781,3,GGG,0.0981,1.0,0.0323,0.1054,Content+Markov+CF,GGG: matches your academic profile.
595938,1,CCC,1.0,0.0,1.0,1.0,Markov+CF,CCC: commonly chosen next by students with similar outcomes; popular among students with similar study patterns.
595938,2,GGG,0.8081,1.0,0.0069,0.8971,Content+Markov+CF,GGG: matches your academic profile; popular among students with similar study patterns.
595938,3,FFF,0.784,0.8768,1.0,0.76,Content+Markov+CF,FFF: matches your academic profile; commonly chosen next by students with similar outcomes; popular among students with similar study patterns.
595988,1,BBB,0.9003,0.9446,0.0031,1.0,Content+Markov+CF,BBB: matches your academic profile; popular among students with similar study patterns.
595988,2,EEE,0.1,1.0,1.0,0.0,Content+Markov,EEE: matches your academic profile; commonly chosen next by students with similar outcomes.
595988,3,CCC,0.0446,0.0,0.4458,0.0,Markov,CCC: commonly chosen next by students with similar outcomes.
596029,1,GGG,0.9003,0.947,0.0031,1.0,Content+Markov+CF,GGG: matches your academic profile; popular among students with similar study patterns.
596029,2,EEE,0.1,0.9933,1.0,0.0,Content+Markov,EEE: matches your academic profile; commonly chosen next by students with similar outcomes.
596029,3,CCC,0.0446,0.0,0.4458,0.0,Markov,CCC: commonly chosen next by students with similar outcomes.
596432,1,CCC,1.0,0.0,1.0,1.0,Markov+CF,CCC: commonly chosen next by students with similar outcomes; popular among students with similar study patterns.
596432,2,BBB,0.2692,0.9876,0.0069,0.2983,Content+Markov+CF,BBB: matches your academic profile.
596432,3,FFF,0.1,1.0,1.0,0.0,Content+Markov,FFF: matches your academic profile; commonly chosen next by students with similar outcomes.
596441,1,FFF,0.9446,0.9506,0.4458,1.0,Content+Markov+CF,FFF: matches your academic profile; commonly chosen next by students with similar outcomes; popular among students with similar study patterns.
596441,2,CCC,0.2378,0.0,0.4458,0.2147,Markov+CF,CCC: commonly chosen next by students with similar outcomes.
596441,3,EEE,0.2309,1.0,1.0,0.1454,Content+Markov+CF,EEE: matches your academic profile; commonly chosen next by students with similar outcomes.
596620,1,CCC,0.9154,1.0,0.1538,1.0,Content+Markov+CF,CCC: matches your academic profile; popular among students with similar study patterns.
596620,2,DDD,0.1,0.0,1.0,0.0,Markov,DDD: commonly chosen next by students with similar outcomes.
596620,3,FFF,0.0071,0.9935,0.0714,0.0,Content+Markov,FFF: matches your academic profile.
596731,1,BBB,0.9008,0.9401,0.0079,1.0,Content+Markov+CF,BBB: matches your academic profile; popular among students with similar study patterns.
596731,2,CCC,0.749,0.8975,0.0079,0.8313,Content+Markov+CF,CCC: matches your academic profile; popular among students with similar study patterns.
596731,3,GGG,0.1674,1.0,0.0079,0.1851,Content+Markov+CF,GGG: matches your academic profile.
596789,1,FFF,0.9743,0.9866,1.0,0.9714,Content+Markov+CF,FFF: matches your academic profile; commonly chosen next by students with similar outcomes; popular among students with similar study patterns.
596789,2,GGG,0.9007,1.0,0.0069,1.0,Content+Markov+CF,GGG: matches your academic profile; popular among students with similar study patterns.
596789,3,BBB,0.6344,0.978,0.0069,0.7041,Content+Markov+CF,BBB: matches your academic profile; popular among students with similar study patterns.
596812,1,FFF,1.0,0.9907,1.0,1.0,Content+Markov+CF,FFF: matches your academic profile; commonly chosen next by students with similar outcomes; popular among students with similar study patterns.
596812,2,CCC,0.5442,0.0,1.0,0.4935,Markov+CF,CCC: commonly chosen next by students with similar outcomes; popular among students with similar study patterns.
596812,3,DDD,0.0944,0.0,0.9444,0.0,Markov,DDD: commonly chosen next by students with similar outcomes.
596845,1,FFF,0.9339,0.923,0.3386,1.0,Content+Markov+CF,FFF: matches your academic profile; commonly chosen next by students with similar outcomes; popular among students with similar study patterns.
596845,2,EEE,0.206,0.9619,1.0,0.1178,Content+Markov+CF,EEE: matches your academic profile; commonly chosen next by students with similar outcomes.
596845,3,CCC,0.1892,0.8719,0.0079,0.2093,Content+Markov+CF,CCC: matches your academic profile.
596860,1,BBB,0.9003,0.9525,0.0031,1.0,Content+Markov+CF,BBB: matches your academic profile; popular among students with similar study patterns.
596860,2,CCC,0.1493,0.0,0.4458,0.1163,Markov+CF,CCC: commonly chosen next by students with similar outcomes.
596860,3,EEE,0.1,1.0,1.0,0.0,Content+Markov,EEE: matches your academic profile; commonly chosen next by students with similar outcomes.
596931,1,BBB,0.9007,0.8666,0.0069,1.0,Content+Markov+CF,BBB: matches your academic profile; popular among students with similar study patterns.
596931,2,CCC,0.7154,0.0,1.0,0.6838,Markov+CF,CCC: commonly chosen next by students with similar outcomes; popular among students with similar study patterns.
596931,3,FFF,0.1,0.8711,1.0,0.0,Content+Markov,FFF: matches your academic profile; commonly chosen next by students with similar outcomes.
597181,1,FFF,0.1,0.9464,1.0,0.0,Content+Markov,FFF: matches your academic profile; commonly chosen next by students with similar outcomes.
597181,2,DDD,0.0839,0.0,0.8387,0.0,Markov,DDD: commonly chosen next by students with similar outcomes.
597181,3,AAA,0.0032,0.9241,0.0323,0.0,Content+Markov,AAA: matches your academic profile.
597363,1,FFF,1.0,0.967,1.0,1.0,Content+Markov+CF,FFF: matches your academic profile; commonly chosen next by students with similar outcomes; popular among students with similar study patterns.
597363,2,CCC,0.1,0.0,1.0,0.0,Markov,CCC: commonly chosen next by students with similar outcomes.
597363,3,DDD,0.0944,0.0,0.9444,0.0,Markov,DDD: commonly chosen next by students with similar outcomes.
597403,1,FFF,0.9231,0.9346,0.3386,0.9881,Content+Markov+CF,FFF: matches your academic profile; commonly chosen next by students with similar outcomes; popular among students with similar study patterns.
597403,2,BBB,0.9008,0.9406,0.0079,1.0,Content+Markov+CF,BBB: matches your academic profile; popular among students with similar study patterns.
597403,3,CCC,0.1827,0.9004,0.0079,0.2021,Content+Markov+CF,CCC: matches your academic profile.
597433,1,EEE,1.0,0.9762,1.0,1.0,Content+Markov+CF,EEE: matches your academic profile; commonly chosen next by students with similar outcomes; popular among students with similar study patterns.
597433,2,CCC,0.6648,0.9133,0.0079,0.7378,Content+Markov+CF,CCC: matches your academic profile; popular among students with similar study patterns.
597433,3,BBB,0.0754,0.9492,0.0079,0.0829,Content+Markov+CF,BBB: matches your academic profile.
597560,1,FFF,0.9446,0.9791,0.4458,1.0,Content+Markov+CF,FFF: matches your academic profile; commonly chosen next by students with similar outcomes; popular among students with similar study patterns.
597560,2,BBB,0.4243,0.9705,0.0031,0.4711,Content+Markov+CF,BBB: matches your academic profile; popular among students with similar study patterns.
597560,3,GGG,0.3167,0.9641,0.0031,0.3516,Content+Markov+CF,GGG: matches your academic profile; popular among students with similar study patterns.
597755,1,CCC,0.9036,0.8733,0.0357,1.0,Content+Markov+CF,CCC: matches your academic profile; popular among students with similar study patterns.
597755,2,EEE,0.7967,0.9627,1.0,0.7741,Content+Markov+CF,EEE: matches your academic profile; commonly chosen next by students with similar outcomes; popular among students with similar study patterns.
597755,3,FFF,0.075,0.9229,0.75,0.0,Content+Markov,FFF: matches your academic profile; commonly chosen next by students with similar outcomes.
597817,1,GGG,0.9007,1.0,0.0073,1.0,Content+Markov+CF,GGG: matches your academic profile; popular among students with similar study patterns.
597817,2,CCC,0.891,0.0,0.0073,0.9892,Markov+CF,CCC: popular among students with similar study patterns.
597817,3,EEE,0.1,0.9682,1.0,0.0,Content+Markov,EEE: matches your academic profile; commonly chosen next by students with similar outcomes.
597948,1,FFF,1.0,0.9405,1.0,1.0,Content+Markov+CF,FFF: matches your academic profile; commonly chosen next by students with similar outcomes; popular among students with similar study patterns.
597948,2,CCC,0.3084,0.0,1.0,0.2315,Markov+CF,CCC: commonly chosen next by students with similar outcomes.
597948,3,DDD,0.0944,0.0,0.9444,0.0,Markov,DDD: commonly chosen next by students with similar outcomes.
598028,1,FFF,1.0,0.9132,1.0,1.0,Content+Markov+CF,FFF: matches your academic profile; commonly chosen next by students with similar outcomes; popular among students with similar study patterns.
598028,2,CCC,0.1725,0.0,1.0,0.0806,Markov+CF,CCC: commonly chosen next by students with similar outcomes.
598028,3,DDD,0.0944,0.0,0.9444,0.0,Markov,DDD: commonly chosen next by students with similar outcomes.
598074,1,CCC,0.1,0.0,1.0,0.0,Markov,CCC: commonly chosen next by students with similar outcomes.
598074,2,FFF,0.1,0.957,1.0,0.0,Content+Markov,FFF: matches your academic profile; commonly chosen next by students with similar outcomes.
598074,3,DDD,0.0944,0.0,0.9444,0.0,Markov,DDD: commonly chosen next by students with similar outcomes.
598299,1,EEE,0.9626,0.9594,1.0,0.9584,Content+Markov+CF,EEE: matches your academic profile; commonly chosen next by students with similar outcomes; popular among students with similar study patterns.
598299,2,DDD,0.9354,0.8824,0.3543,1.0,Content+Markov+CF,DDD: matches your academic profile; commonly chosen next by students with similar outcomes; popular among students with similar study patterns.
598299,3,AAA,0.0008,0.9544,0.0079,0.0,Content+Markov,AAA: matches your academic profile.
598478,1,GGG,0.9003,1.0,0.0031,1.0,Content+Markov+CF,GGG: matches your academic profile; popular among students with similar study patterns.
598478,2,EEE,0.1819,0.9523,1.0,0.091,Content+Markov+CF,EEE: matches your academic profile; commonly chosen next by students with similar outcomes.
598478,3,BBB,0.1284,0.8967,0.0031,0.1423,Content+Markov+CF,BBB: matches your academic profile.
598662,1,FFF,0.9956,0.9229,0.9556,1.0,Content+Markov+CF,FFF: matches your academic profile; commonly chosen next by students with similar outcomes; popular among students with similar study patterns.
598662,2,CCC,0.3953,0.8749,0.0222,0.4368,Content+Markov+CF,CCC: matches your academic profile; popular among students with similar study patterns.
598662,3,BBB,0.3377,0.9299,0.0222,0.3727,Content+Markov+CF,BBB: matches your academic profile; popular among students with similar study patterns.
598665,1,CCC,0.9008,0.0,0.0079,1.0,Markov+CF,CCC: popular among students with similar study patterns.
598665,2,BBB,0.6275,0.9257,0.0079,0.6964,Content+Markov+CF,BBB: matches your academic profile; popular among students with similar study patterns.
598665,3,EEE,0.6083,0.966,1.0,0.5648,Content+Markov+CF,EEE: matches your academic profile; commonly chosen next by students with similar outcomes; popular among students with similar study patterns.
598666,1,BBB,0.9003,0.9959,0.0031,1.0,Content+Markov+CF,BBB: matches your academic profile; popular among students with similar study patterns.
598666,2,EEE,0.1,1.0,1.0,0.0,Content+Markov,EEE: matches your academic profile; commonly chosen next by students with similar outcomes.
598666,3,CCC,0.0446,0.0,0.4458,0.0,Markov,CCC: commonly chosen next by students with similar outcomes.
598757,1,CCC,0.9857,0.0,0.8571,1.0,Markov+CF,CCC: commonly chosen next by students with similar outcomes; popular among students with similar study patterns.
598757,2,GGG,0.3197,1.0,0.0286,0.352,Content+Markov+CF,GGG: matches your academic profile; popular among students with similar study patterns.
598757,3,FFF,0.1,0.0,1.0,0.0,Markov,FFF: commonly chosen next by students with similar outcomes.
598860,1,FFF,0.975,0.9404,0.75,1.0,Content+Markov+CF,FFF: matches your academic profile; commonly chosen next by students with similar outcomes; popular among students with similar study patterns.
598860,2,CCC,0.7513,0.8882,0.0357,0.8308,Content+Markov+CF,CCC: matches your academic profile; popular among students with similar study patterns.
598860,3,BBB,0.4444,0.9461,0.0357,0.4898,Content+Markov+CF,BBB: matches your academic profile; popular among students with similar study patterns.
598887,1,DDD,0.9421,0.0,0.4211,1.0,Markov+CF,DDD: commonly chosen next by students with similar outcomes; popular among students with similar study patterns.
598887,2,AAA,0.2037,0.8892,0.0031,0.226,Content+Markov+CF,AAA: matches your academic profile.
598887,3,CCC,0.1713,0.0,0.4458,0.1408,Markov+CF,CCC: commonly chosen next by students with similar outcomes.
598924,1,FFF,0.1,0.9401,1.0,0.0,Content+Markov,FFF: matches your academic profile; commonly chosen next by students with similar outcomes.
598924,2,DDD,0.0839,0.0,0.8387,0.0,Markov,DDD: commonly chosen next by students with similar outcomes.
598924,3,AAA,0.0032,0.9127,0.0323,0.0,Content+Markov,AAA: matches your academic profile.
598963,1,FFF,0.9956,0.9037,0.9556,1.0,Content+Markov+CF,FFF: matches your academic profile; commonly chosen next by students with similar outcomes; popular among students with similar study patterns.
598963,2,CCC,0.4393,0.8545,0.0222,0.4856,Content+Markov+CF,CCC: matches your academic profile; popular among students with similar study patterns.
598963,3,BBB,0.1111,0.9121,0.0222,0.121,Content+Markov+CF,BBB: matches your academic profile.
598983,1,CCC,0.9008,0.0,0.0079,1.0,Markov+CF,CCC: popular among students with similar study patterns.
598983,2,AAA,0.6599,0.9713,0.0079,0.7324,Content+Markov+CF,AAA: matches your academic profile; popular among students with similar study patterns.
598983,3,BBB,0.3702,0.9298,0.0079,0.4105,Content+Markov+CF,BBB: matches your academic profile; popular among students with similar study patterns.
599169,1,EEE,1.0,0.9752,1.0,1.0,Content+Markov+CF,EEE: matches your academic profile; commonly chosen next by students with similar outcomes; popular among students with similar study patterns.
599169,2,CCC,0.8833,0.9112,0.0079,0.9806,Content+Markov+CF,CCC: matches your academic profile; popular among students with similar study patterns.
599169,3,FFF,0.0339,0.9435,0.3386,0.0,Content+Markov,FFF: matches your academic profile; commonly chosen next by students with similar outcomes.
599176,1,CCC,0.9042,0.8726,0.0417,1.0,Content+Markov+CF,CCC: matches your academic profile; popular among students with similar study patterns.
599176,2,FFF,0.7399,0.913,0.875,0.7249,Content+Markov+CF,FFF: matches your academic profile; commonly chosen next by students with similar outcomes; popular among students with similar study patterns.
599176,3,BBB,0.4706,0.9206,0.0417,0.5183,Content+Markov+CF,BBB: matches your academic profile; popular among students with similar study patterns.
599263,1,BBB,0.9017,0.9811,0.0172,1.0,Content+Markov+CF,BBB: matches your academic profile; popular among students with similar study patterns.
599263,2,CCC,0.1,0.0,1.0,0.0,Markov,CCC: commonly chosen next by students with similar outcomes.
599263,3,DDD,0.0052,0.0,0.0517,0.0,Markov,DDD: recommended based on available signals.
599297,1,CCC,0.9857,0.9536,0.8571,1.0,Content+Markov+CF,CCC: matches your academic profile; commonly chosen next by students with similar outcomes; popular among students with similar study patterns.
599297,2,DDD,0.5822,0.934,0.0857,0.6374,Content+Markov+CF,DDD: matches your academic profile; popular among students with similar study patterns.
599297,3,GGG,0.4757,1.0,0.0286,0.5254,Content+Markov+CF,GGG: matches your academic profile; popular among students with similar study patterns.
599452,1,CCC,0.9022,0.9018,0.0222,1.0,Content+Markov+CF,CCC: matches your academic profile; popular among students with similar study patterns.
599452,2,FFF,0.7393,0.9297,0.9556,0.7153,Content+Markov+CF,FFF: matches your academic profile; commonly chosen next by students with similar outcomes; popular among students with similar study patterns.
599452,3,DDD,0.4477,0.8982,1.0,0.3863,Content+Markov+CF,DDD: matches your academic profile; commonly chosen next by students with similar outcomes; popular among students with similar study patterns.
599542,1,FFF,1.0,0.962,1.0,1.0,Content+Markov+CF,FFF: matches your academic profile; commonly chosen next by students with similar outcomes; popular among students with similar study patterns.
599542,2,BBB,0.6301,0.9675,0.0323,0.6965,Content+Markov+CF,BBB: matches your academic profile; popular among students with similar study patterns.
599542,3,DDD,0.3181,0.0,0.8387,0.2602,Markov+CF,DDD: commonly chosen next by students with similar outcomes.
599615,1,EEE,1.0,0.9689,1.0,1.0,Content+Markov+CF,EEE: matches your academic profile; commonly chosen next by students with similar outcomes; popular among students with similar study patterns.
599615,2,CCC,0.2129,0.0,0.0073,0.2358,Markov+CF,CCC: recommended based on available signals.
599615,3,GGG,0.168,0.9137,0.0073,0.1859,Content+Markov+CF,GGG: matches your academic profile.
599663,1,BBB,0.9003,0.934,0.0031,1.0,Content+Markov+CF,BBB: matches your academic profile; popular among students with similar study patterns.
599663,2,CCC,0.3425,0.0,0.4458,0.331,Markov+CF,CCC: commonly chosen next by students with similar outcomes; popular among students with similar study patterns.
599663,3,EEE,0.1,0.995,1.0,0.0,Content+Markov,EEE: matches your academic profile; commonly chosen next by students with similar outcomes.
599857,1,BBB,0.9008,0.9383,0.0079,1.0,Content+Markov+CF,BBB: matches your academic profile; popular among students with similar study patterns.
599857,2,CCC,0.7738,0.894,0.0079,0.8589,Content+Markov+CF,CCC: matches your academic profile; popular among students with similar study patterns.
599857,3,EEE,0.4936,0.9689,1.0,0.4373,Content+Markov+CF,EEE: matches your academic profile; commonly chosen next by students with similar outcomes; popular among students with similar study patterns.
599893,1,FFF,1.0,0.9342,1.0,1.0,Content+Markov+CF,FFF: matches your academic profile; commonly chosen next by students with similar outcomes; popular among students with similar study patterns.
599893,2,DDD,0.0839,0.0,0.8387,0.0,Markov,DDD: commonly chosen next by students with similar outcomes.
599893,3,CCC,0.0817,0.0,0.0323,0.0872,Markov+CF,CCC: recommended based on available signals.
599958,1,FFF,0.9956,0.9443,0.9556,1.0,Content+Markov+CF,FFF: matches your academic profile; commonly chosen next by students with similar outcomes; popular among students with similar study patterns.
599958,2,BBB,0.7507,0.949,0.0222,0.8316,Content+Markov+CF,BBB: matches your academic profile; popular among students with similar study patterns.
599958,3,CCC,0.5606,0.938,0.0222,0.6204,Content+Markov+CF,CCC: matches your academic profile; popular among students with similar study patterns.
600067,1,CCC,0.9036,0.8724,0.0357,1.0,Content+Markov+CF,CCC: matches your academic profile; popular among students with similar study patterns.
600067,2,EEE,0.2246,0.959,1.0,0.1384,Content+Markov+CF,EEE: matches your academic profile; commonly chosen next by students with similar outcomes.
600067,3,FFF,0.204,0.9171,0.75,0.1433,Content+Markov+CF,FFF: matches your academic profile; commonly chosen next by students with similar outcomes.
600071,1,FFF,0.9021,0.9079,0.0213,1.0,Content+Markov+CF,FFF: matches your academic profile; popular among students with similar study patterns.
600071,2,CCC,0.3179,0.877,1.0,0.2421,Content+Markov+CF,CCC: matches your academic profile; commonly chosen next by students with similar outcomes.
600071,3,BBB,0.2072,0.9158,0.0106,0.229,Content+Markov+CF,BBB: matches your academic profile.
600094,1,CCC,0.9446,0.0,0.4458,1.0,Markov+CF,CCC: commonly chosen next by students with similar outcomes; popular among students with similar study patterns.
600094,2,FFF,0.7584,1.0,0.4458,0.7931,Content+Markov+CF,FFF: matches your academic profile; commonly chosen next by students with similar outcomes; popular among students with similar study patterns.
600094,3,GGG,0.5323,0.9807,0.0031,0.5911,Content+Markov+CF,GGG: matches your academic profile; popular among students with similar study patterns.
600175,1,BBB,0.9003,0.9346,0.0031,1.0,Content+Markov+CF,BBB: matches your academic profile; popular among students with similar study patterns.
600175,2,GGG,0.6975,1.0,0.0031,0.7747,Content+Markov+CF,GGG: matches your academic profile; popular among students with similar study patterns.
600175,3,EEE,0.1,0.973,1.0,0.0,Content+Markov,EEE: matches your academic profile; commonly chosen next by students with similar outcomes.
600335,1,BBB,0.9022,0.9235,0.0222,1.0,Content+Markov+CF,BBB: matches your academic profile; popular among students with similar study patterns.
600335,2,FFF,0.4447,0.9162,0.9556,0.3879,Content+Markov+CF,FFF: matches your academic profile; commonly chosen next by students with similar outcomes; popular among students with similar study patterns.
600335,3,CCC,0.1579,0.8802,0.0222,0.173,Content+Markov+CF,CCC: matches your academic profile.
600436,1,BBB,0.9003,0.9865,0.0031,1.0,Content+Markov+CF,BBB: matches your academic profile; popular among students with similar study patterns.
600436,2,GGG,0.5478,0.9771,0.0031,0.6083,Content+Markov+CF,GGG: matches your academic profile; popular among students with similar study patterns.
600436,3,CCC,0.3562,0.0,0.4458,0.3462,Markov+CF,CCC: commonly chosen next by students with similar outcomes; popular among students with similar study patterns.
600509,1,FFF,1.0,0.941,1.0,1.0,Content+Markov+CF,FFF: matches your academic profile; commonly chosen next by students with similar outcomes; popular among students with similar study patterns.
600509,2,BBB,0.6636,0.9372,0.0323,0.7337,Content+Markov+CF,BBB: matches your academic profile; popular among students with similar study patterns.
600509,3,CCC,0.5417,0.0,0.0323,0.5983,Markov+CF,CCC: popular among students with similar study patterns.
600547,1,FFF,1.0,0.9414,1.0,1.0,Content+Markov+CF,FFF: matches your academic profile; commonly chosen next by students with similar outcomes; popular among students with similar study patterns.
600547,2,BBB,0.1172,0.9372,0.0069,0.1294,Content+Markov+CF,BBB: matches your academic profile.
600547,3,CCC,0.1,0.0,1.0,0.0,Markov,CCC: commonly chosen next by students with similar outcomes.
600859,1,EEE,1.0,0.9976,1.0,1.0,Content+Markov+CF,EEE: matches your academic profile; commonly chosen next by students with similar outcomes; popular among students with similar study patterns.
600859,2,CCC,0.7091,0.0,0.4458,0.7384,Markov+CF,CCC: commonly chosen next by students with similar outcomes; popular among students with similar study patterns.
600859,3,BBB,0.2485,0.9872,0.0031,0.2758,Content+Markov+CF,BBB: matches your academic profile.
600938,1,CCC,0.1,0.0,1.0,0.0,Markov,CCC: commonly chosen next by students with similar outcomes.
600938,2,FFF,0.1,0.9445,1.0,0.0,Content+Markov,FFF: matches your academic profile; commonly chosen next by students with similar outcomes.
600938,3,DDD,0.0944,0.0,0.9444,0.0,Markov,DDD: commonly chosen next by students with similar outcomes.
600945,1,CCC,0.9022,0.8717,0.0222,1.0,Content+Markov+CF,CCC: matches your academic profile; popular among students with similar study patterns.
600945,2,FFF,0.2651,0.9172,0.9556,0.1884,Content+Markov+CF,FFF: matches your academic profile; commonly chosen next by students with similar outcomes.
600945,3,GGG,0.2162,1.0,0.0222,0.2378,Content+Markov+CF,GGG: matches your academic profile.
601021,1,BBB,0.9003,0.953,0.0031,1.0,Content+Markov+CF,BBB: matches your academic profile; popular among students with similar study patterns.
601021,2,CCC,0.6921,0.0,0.4458,0.7195,Markov+CF,CCC: commonly chosen next by students with similar outcomes; popular among students with similar study patterns.
601021,3,EEE,0.3795,1.0,1.0,0.3106,Content+Markov+CF,EEE: matches your academic profile; commonly chosen next by students with similar outcomes; popular among students with similar study patterns.
601054,1,FFF,0.981,0.99,1.0,0.9789,Content+Markov+CF,FFF: matches your academic profile; commonly chosen next by students with similar outcomes; popular among students with similar study patterns.
601054,2,CCC,0.9322,0.0,1.0,0.9247,Markov+CF,CCC: commonly chosen next by students with similar outcomes; popular among students with similar study patterns.
601054,3,BBB,0.9007,0.9817,0.0069,1.0,Content+Markov+CF,BBB: matches your academic profile; popular among students with similar study patterns.
601224,1,BBB,0.9022,0.9299,0.0222,1.0,Content+Markov+CF,BBB: matches your academic profile; popular among students with similar study patterns.
601224,2,GGG,0.3894,1.0,0.0222,0.4302,Content+Markov+CF,GGG: matches your academic profile; popular among students with similar study patterns.
601224,3,AAA,0.3533,0.9512,0.0222,0.3901,Content+Markov+CF,AAA: matches your academic profile; popular among students with similar study patterns.
601234,1,EEE,1.0,0.9595,1.0,1.0,Content+Markov+CF,EEE: matches your academic profile; commonly chosen next by students with similar outcomes; popular among students with similar study patterns.
601234,2,CCC,0.6315,0.8734,0.0079,0.7008,Content+Markov+CF,CCC: matches your academic profile; popular among students with similar study patterns.
601234,3,FFF,0.3311,0.9171,0.3386,0.3303,Content+Markov+CF,FFF: matches your academic profile; commonly chosen next by students with similar outcomes; popular among students with similar study patterns.
601388,1,CCC,0.9008,0.877,0.0079,1.0,Content+Markov+CF,CCC: matches your academic profile; popular among students with similar study patterns.
601388,2,BBB,0.2919,0.9299,0.0079,0.3235,Content+Markov+CF,BBB: matches your academic profile; popular among students with similar study patterns.
601388,3,GGG,0.2207,1.0,0.0079,0.2444,Content+Markov+CF,GGG: matches your academic profile.
601566,1,FFF,0.9446,0.9499,0.4458,1.0,Content+Markov+CF,FFF: matches your academic profile; commonly chosen next by students with similar outcomes; popular among students with similar study patterns.
601566,2,CCC,0.2729,0.9241,0.4458,0.2537,Content+Markov+CF,CCC: matches your academic profile; commonly chosen next by students with similar outcomes.
601566,3,EEE,0.1634,0.9826,1.0,0.0705,Content+Markov+CF,EEE: matches your academic profile; commonly chosen next by students with similar outcomes.
601653,1,CCC,1.0,0.0,1.0,1.0,Markov+CF,CCC: commonly chosen next by students with similar outcomes; popular among students with similar study patterns.
601653,2,FFF,0.1,0.9509,1.0,0.0,Content+Markov,FFF: matches your academic profile; commonly chosen next by students with similar outcomes.
601653,3,DDD,0.0944,0.0,0.9444,0.0,Markov,DDD: commonly chosen next by students with similar outcomes.
601731,1,FFF,0.917,1.0,0.1702,1.0,Content+Markov+CF,FFF: matches your academic profile; popular among students with similar study patterns.
601731,2,BBB,0.276,0.9842,0.0426,0.3019,Content+Markov+CF,BBB: matches your academic profile; popular among students with similar study patterns.
601731,3,CCC,0.2135,0.0,1.0,0.1261,Markov+CF,CCC: commonly chosen next by students with similar outcomes.
601757,1,GGG,0.9007,1.0,0.0069,1.0,Content+Markov+CF,GGG: matches your academic profile; popular among students with similar study patterns.
601757,2,DDD,0.6467,0.0,0.9444,0.6136,Markov+CF,DDD: commonly chosen next by students with similar outcomes; popular among students with similar study patterns.
601757,3,CCC,0.5996,0.0,1.0,0.5551,Markov+CF,CCC: commonly chosen next by students with similar outcomes; popular among students with similar study patterns.
601857,1,FFF,0.9446,0.9909,0.4458,1.0,Content+Markov+CF,FFF: matches your academic profile; commonly chosen next by students with similar outcomes; popular among students with similar study patterns.
601857,2,BBB,0.3478,0.9803,0.0031,0.3861,Content+Markov+CF,BBB: matches your academic profile; popular among students with similar study patterns.
601857,3,GGG,0.1956,0.9566,0.0031,0.217,Content+Markov+CF,GGG: matches your academic profile.
601983,1,CCC,0.9016,0.9394,0.0158,1.0,Content+Markov+CF,CCC: matches your academic profile; popular among students with similar study patterns.
601983,2,EEE,0.5412,1.0,0.0053,0.6008,Content+Markov+CF,EEE: matches your academic profile; popular among students with similar study patterns.
601983,3,FFF,0.5178,0.9601,0.0368,0.5712,Content+Markov+CF,FFF: matches your academic profile; popular among students with similar study patterns.
602133,1,FFF,0.9956,0.9166,0.9556,1.0,Content+Markov+CF,FFF: matches your academic profile; commonly chosen next by students with similar outcomes; popular among students with similar study patterns.
602133,2,GGG,0.4526,1.0,0.0222,0.5004,Content+Markov+CF,GGG: matches your academic profile; popular among students with similar study patterns.
602133,3,BBB,0.2784,0.924,0.0222,0.3069,Content+Markov+CF,BBB: matches your academic profile; popular among students with similar study patterns.
602269,1,FFF,1.0,0.9177,1.0,1.0,Content+Markov+CF,FFF: matches your academic profile; commonly chosen next by students with similar outcomes; popular among students with similar study patterns.
602269,2,DDD,0.0839,0.886,0.8387,0.0,Content+Markov,DDD: matches your academic profile; commonly chosen next by students with similar outcomes.
602269,3,AAA,0.0032,0.9264,0.0323,0.0,Content+Markov,AAA: matches your academic profile.
602288,1,FFF,0.9956,0.9229,0.9556,1.0,Content+Markov+CF,FFF: matches your academic profile; commonly chosen next by students with similar outcomes; popular among students with similar study patterns.
602288,2,CCC,0.1093,0.8749,0.0222,0.119,Content+Markov+CF,CCC: matches your academic profile.
602288,3,DDD,0.1,0.8898,1.0,0.0,Content+Markov,DDD: matches your academic profile; commonly chosen next by students with similar outcomes.
602398,1,FFF,1.0,0.9178,1.0,1.0,Content+Markov+CF,FFF: matches your academic profile; commonly chosen next by students with similar outcomes; popular among students with similar study patterns.
602398,2,CCC,0.2104,0.0,0.0323,0.2302,Markov+CF,CCC: recommended based on available signals.
602398,3,DDD,0.1822,0.0,0.8387,0.1093,Markov+CF,DDD: commonly chosen next by students with similar outcomes.
602703,1,CCC,1.0,0.0,1.0,1.0,Markov+CF,CCC: commonly chosen next by students with similar outcomes; popular among students with similar study patterns.
602703,2,FFF,0.1,0.9341,1.0,0.0,Content+Markov,FFF: matches your academic profile; commonly chosen next by students with similar outcomes.
602703,3,DDD,0.0944,0.0,0.9444,0.0,Markov,DDD: commonly chosen next by students with similar outcomes.
602718,1,CCC,0.9032,0.8908,0.0323,1.0,Content+Markov+CF,CCC: matches your academic profile; popular among students with similar study patterns.
602718,2,FFF,0.1,0.9084,1.0,0.0,Content+Markov,FFF: matches your academic profile; commonly chosen next by students with similar outcomes.
602718,3,DDD,0.0839,0.8734,0.8387,0.0,Content+Markov,DDD: matches your academic profile; commonly chosen next by students with similar outcomes.
602827,1,CCC,1.0,0.0,1.0,1.0,Markov+CF,CCC: commonly chosen next by students with similar outcomes; popular among students with similar study patterns.
602827,2,DDD,0.3977,0.0,0.9444,0.337,Markov+CF,DDD: commonly chosen next by students with similar outcomes; popular among students with similar study patterns.
602827,3,FFF,0.1665,0.9343,1.0,0.0739,Content+Markov+CF,FFF: matches your academic profile; commonly chosen next by students with similar outcomes.
602856,1,CCC,0.9446,0.0,0.4458,1.0,Markov+CF,CCC: commonly chosen next by students with similar outcomes; popular among students with similar study patterns.
602856,2,EEE,0.3568,0.9786,1.0,0.2853,Content+Markov+CF,EEE: matches your academic profile; commonly chosen next by students with similar outcomes.
602856,3,FFF,0.338,0.913,0.4458,0.326,Content+Markov+CF,FFF: matches your academic profile; commonly chosen next by students with similar outcomes; popular among students with similar study patterns.
603049,1,CCC,0.9008,0.875,0.0079,1.0,Content+Markov+CF,CCC: matches your academic profile; popular among students with similar study patterns.
603049,2,EEE,0.3861,0.961,1.0,0.3179,Content+Markov+CF,EEE: matches your academic profile; commonly chosen next by students with similar outcomes; popular among students with similar study patterns.
603049,3,FFF,0.2532,0.9184,0.3386,0.2437,Content+Markov+CF,FFF: matches your academic profile; commonly chosen next by students with similar outcomes.
603053,1,FFF,0.1,0.9484,1.0,0.0,Content+Markov,FFF: matches your academic profile; commonly chosen next by students with similar outcomes.
603053,2,DDD,0.0839,0.0,0.8387,0.0,Markov,DDD: commonly chosen next by students with similar outcomes.
603053,3,AAA,0.0032,0.9038,0.0323,0.0,Content+Markov,AAA: matches your academic profile.
603302,1,FFF,0.9446,0.9401,0.4458,1.0,Content+Markov+CF,FFF: matches your academic profile; commonly chosen next by students with similar outcomes; popular among students with similar study patterns.
603302,2,BBB,0.3159,0.9448,0.0031,0.3507,Content+Markov+CF,BBB: matches your academic profile; popular among students with similar study patterns.
603302,3,EEE,0.2101,0.9783,1.0,0.1223,Content+Markov+CF,EEE: matches your academic profile; commonly chosen next by students with similar outcomes.
603477,1,DDD,1.0,0.0,1.0,1.0,Markov+CF,DDD: commonly chosen next by students with similar outcomes; popular among students with similar study patterns.
603477,2,CCC,0.2965,0.0,0.0222,0.327,Markov+CF,CCC: popular among students with similar study patterns.
603477,3,FFF,0.2352,0.9193,0.9556,0.1552,Content+Markov+CF,FFF: matches your academic profile; commonly chosen next by students with similar outcomes.
603498,1,CCC,0.9007,0.0,0.0073,1.0,Markov+CF,CCC: popular among students with similar study patterns.
603498,2,BBB,0.6958,0.971,0.0073,0.7723,Content+Markov+CF,BBB: matches your academic profile; popular among students with similar study patterns.
603498,3,EEE,0.6079,0.9729,1.0,0.5643,Content+Markov+CF,EEE: matches your academic profile; commonly chosen next by students with similar outcomes; popular among students with similar study patterns.
603503,1,DDD,1.0,0.8697,1.0,1.0,Content+Markov+CF,DDD: matches your academic profile; commonly chosen next by students with similar outcomes; popular among students with similar study patterns.
603503,2,FFF,0.269,0.908,0.9556,0.1927,Content+Markov+CF,FFF: matches your academic profile; commonly chosen next by students with similar outcomes.
603503,3,GGG,0.2416,1.0,0.0222,0.266,Content+Markov+CF,GGG: matches your academic profile.
603529,1,CCC,0.9008,0.0,0.0079,1.0,Markov+CF,CCC: popular among students with similar study patterns.
603529,2,BBB,0.6094,0.9348,0.0079,0.6762,Content+Markov+CF,BBB: matches your academic profile; popular among students with similar study patterns.
603529,3,DDD,0.1887,0.0,0.3543,0.1703,Markov+CF,DDD: commonly chosen next by students with similar outcomes.
603639,1,CCC,1.0,0.9159,1.0,1.0,Content+Markov+CF,CCC: matches your academic profile; commonly chosen next by students with similar outcomes; popular among students with similar study patterns.
603639,2,BBB,0.1235,0.9198,0.0069,0.1365,Content+Markov+CF,BBB: matches your academic profile.
603639,3,FFF,0.1,0.9128,1.0,0.0,Content+Markov,FFF: matches your academic profile; commonly chosen next by students with similar outcomes.
604379,1,BBB,0.9003,0.9587,0.0031,1.0,Content+Markov+CF,BBB: matches your academic profile; popular among students with similar study patterns.
604379,2,CCC,0.6465,0.0,0.4458,0.6688,Markov+CF,CCC: commonly chosen next by students with similar outcomes; popular among students with similar study patterns.
604379,3,EEE,0.1,1.0,1.0,0.0,Content+Markov,EEE: matches your academic profile; commonly chosen next by students with similar outcomes.
604655,1,EEE,0.1,0.9843,1.0,0.0,Content+Markov,EEE: matches your academic profile; commonly chosen next by students with similar outcomes.
604655,2,FFF,0.0226,1.0,0.2263,0.0,Content+Markov,FFF: matches your academic profile.
604655,3,AAA,0.0007,0.8728,0.0073,0.0,Content+Markov,AAA: matches your academic profile.
604723,1,BBB,0.9008,0.9498,0.0079,1.0,Content+Markov+CF,BBB: matches your academic profile; popular among students with similar study patterns.
604723,2,EEE,0.1,0.9825,1.0,0.0,Content+Markov,EEE: matches your academic profile; commonly chosen next by students with similar outcomes.
604723,3,FFF,0.0339,0.9466,0.3386,0.0,Content+Markov,FFF: matches your academic profile; commonly chosen next by students with similar outcomes.
605111,1,BBB,0.9022,0.9297,0.0222,1.0,Content+Markov+CF,BBB: matches your academic profile; popular among students with similar study patterns.
605111,2,FFF,0.3868,0.9228,0.9556,0.3236,Content+Markov+CF,FFF: matches your academic profile; commonly chosen next by students with similar outcomes; popular among students with similar study patterns.
605111,3,DDD,0.1,0.0,1.0,0.0,Markov,DDD: commonly chosen next by students with similar outcomes.
605144,1,CCC,0.9008,0.8924,0.0079,1.0,Content+Markov+CF,CCC: matches your academic profile; popular among students with similar study patterns.
605144,2,FFF,0.1465,0.9233,0.3386,0.1252,Content+Markov+CF,FFF: matches your academic profile; commonly chosen next by students with similar outcomes.
605144,3,GGG,0.1376,1.0,0.0079,0.152,Content+Markov+CF,GGG: matches your academic profile.
605180,1,FFF,0.9021,0.91,0.0213,1.0,Content+Markov+CF,FFF: matches your academic profile; popular among students with similar study patterns.
605180,2,GGG,0.2973,1.0,0.0053,0.3297,Content+Markov+CF,GGG: matches your academic profile; popular among students with similar study patterns.
605180,3,CCC,0.1978,0.9441,1.0,0.1087,Content+Markov+CF,CCC: matches your academic profile; commonly chosen next by students with similar outcomes.
605264,1,GGG,0.9007,0.9425,0.0069,1.0,Content+Markov+CF,GGG: matches your academic profile; popular among students with similar study patterns.
605264,2,CCC,0.5543,0.0,1.0,0.5048,Markov+CF,CCC: commonly chosen next by students with similar outcomes; popular among students with similar study patterns.
605264,3,DDD,0.4969,0.0,0.9444,0.4472,Markov+CF,DDD: commonly chosen next by students with similar outcomes; popular among students with similar study patterns.
605266,1,CCC,0.9008,0.8916,0.0079,1.0,Content+Markov+CF,CCC: matches your academic profile; popular among students with similar study patterns.
605266,2,EEE,0.8515,0.9655,1.0,0.835,Content+Markov+CF,EEE: matches your academic profile; commonly chosen next by students with similar outcomes; popular among students with similar study patterns.
605266,3,BBB,0.5196,0.9339,0.0079,0.5765,Content+Markov+CF,BBB: matches your academic profile; popular among students with similar study patterns.
605459,1,CCC,0.9446,0.0,0.4458,1.0,Markov+CF,CCC: commonly chosen next by students with similar outcomes; popular among students with similar study patterns.
605459,2,GGG,0.4225,0.974,0.0031,0.4691,Content+Markov+CF,GGG: matches your academic profile; popular among students with similar study patterns.
605459,3,EEE,0.1,1.0,1.0,0.0,Content+Markov,EEE: matches your academic profile; commonly chosen next by students with similar outcomes.
605540,1,BBB,0.9036,0.9419,0.0357,1.0,Content+Markov+CF,BBB: matches your academic profile; popular among students with similar study patterns.
605540,2,GGG,0.677,1.0,0.0357,0.7483,Content+Markov+CF,GGG: matches your academic profile; popular among students with similar study patterns.
605540,3,CCC,0.5574,0.8888,0.0357,0.6154,Content+Markov+CF,CCC: matches your academic profile; popular among students with similar study patterns.
605545,1,FFF,0.9034,0.9215,0.0345,1.0,Content+Markov+CF,FFF: matches your academic profile; popular among students with similar study patterns.
605545,2,CCC,0.1,0.0,1.0,0.0,Markov,CCC: commonly chosen next by students with similar outcomes.
605545,3,DDD,0.0052,0.0,0.0517,0.0,Markov,DDD: recommended based on available signals.
605571,1,EEE,1.0,0.9629,1.0,1.0,Content+Markov+CF,EEE: matches your academic profile; commonly chosen next by students with similar outcomes; popular among students with similar study patterns.
605571,2,DDD,0.0354,0.8912,0.3543,0.0,Content+Markov,DDD: matches your academic profile; commonly chosen next by students with similar outcomes.
605571,3,AAA,0.0008,0.9498,0.0079,0.0,Content+Markov,AAA: matches your academic profile.
605703,1,EEE,0.1,0.9681,1.0,0.0,Content+Markov,EEE: matches your academic profile; commonly chosen next by students with similar outcomes.
605703,2,FFF,0.075,0.9333,0.75,0.0,Content+Markov,FFF: matches your academic profile; commonly chosen next by students with similar outcomes.
605703,3,AAA,0.0036,0.9694,0.0357,0.0,Content+Markov,AAA: matches your academic profile.
605901,1,BBB,1.0,0.9563,1.0,1.0,Content+Markov+CF,BBB: matches your academic profile; commonly chosen next by students with similar outcomes; popular among students with similar study patterns.
605901,2,DDD,0.8344,0.9149,0.0474,0.9218,Content+Markov+CF,DDD: matches your academic profile; popular among students with similar study patterns.
605901,3,FFF,0.4842,0.9499,0.0368,0.5339,Content+Markov+CF,FFF: matches your academic profile; popular among students with similar study patterns.
606206,1,DDD,0.9839,0.0,0.8387,1.0,Markov+CF,DDD: commonly chosen next by students with similar outcomes; popular among students with similar study patterns.
606206,2,FFF,0.1,0.9329,1.0,0.0,Content+Markov,FFF: matches your academic profile; commonly chosen next by students with similar outcomes.
606206,3,AAA,0.0032,0.9546,0.0323,0.0,Content+Markov,AAA: matches your academic profile.
606391,1,FFF,0.9288,0.9575,0.4286,0.9844,Content+Markov+CF,FFF: matches your academic profile; commonly chosen next by students with similar outcomes; popular among students with similar study patterns.
606391,2,BBB,0.9143,0.9649,0.1429,1.0,Content+Markov+CF,BBB: matches your academic profile; popular among students with similar study patterns.
606391,3,CCC,0.1306,0.9049,0.1429,0.1292,Content+Markov+CF,CCC: matches your academic profile.
606444,1,EEE,1.0,0.9674,1.0,1.0,Content+Markov+CF,EEE: matches your academic profile; commonly chosen next by students with similar outcomes; popular among students with similar study patterns.
606444,2,CCC,0.2448,0.8907,0.0357,0.268,Content+Markov+CF,CCC: matches your academic profile.
606444,3,BBB,0.2019,0.938,0.0357,0.2204,Content+Markov+CF,BBB: matches your academic profile.
606665,1,BBB,0.9007,0.9427,0.0073,1.0,Content+Markov+CF,BBB: matches your academic profile; popular among students with similar study patterns.
606665,2,CCC,0.6973,0.9138,0.0073,0.774,Content+Markov+CF,CCC: matches your academic profile; popular among students with similar study patterns.
606665,3,EEE,0.4192,0.9668,1.0,0.3547,Content+Markov+CF,EEE: matches your academic profile; commonly chosen next by students with similar outcomes; popular among students with similar study patterns.
606724,1,FFF,0.9956,0.9175,0.9556,1.0,Content+Markov+CF,FFF: matches your academic profile; commonly chosen next by students with similar outcomes; popular among students with similar study patterns.
606724,2,DDD,0.2908,0.0,1.0,0.212,Markov+CF,DDD: commonly chosen next by students with similar outcomes.
606724,3,CCC,0.196,0.0,0.0222,0.2153,Markov+CF,CCC: recommended based on available signals.
606864,1,BBB,0.9143,0.9555,0.1429,1.0,Content+Markov+CF,BBB: matches your academic profile; popular among students with similar study patterns.
606864,2,CCC,0.3234,0.0,0.1429,0.3435,Markov+CF,CCC: popular among students with similar study patterns.
606864,3,FFF,0.1455,0.9506,0.4286,0.1141,Content+Markov+CF,FFF: matches your academic profile; commonly chosen next by students with similar outcomes.
606930,1,CCC,0.9446,0.0,0.4458,1.0,Markov+CF,CCC: commonly chosen next by students with similar outcomes; popular among students with similar study patterns.
606930,2,BBB,0.4135,1.0,0.0031,0.4591,Content+Markov+CF,BBB: matches your academic profile; popular among students with similar study patterns.
606930,3,EEE,0.1,0.9825,1.0,0.0,Content+Markov,EEE: matches your academic profile; commonly chosen next by students with similar outcomes.
607047,1,CCC,0.9008,0.8777,0.0079,1.0,Content+Markov+CF,CCC: matches your academic profile; popular among students with similar study patterns.
607047,2,BBB,0.3854,0.9158,0.0079,0.4274,Content+Markov+CF,BBB: matches your academic profile; popular among students with similar study patterns.
607047,3,DDD,0.1716,0.8698,0.3543,0.1513,Content+Markov+CF,DDD: matches your academic profile; commonly chosen next by students with similar outcomes.
607052,1,DDD,0.9354,0.9049,0.3543,1.0,Content+Markov+CF,DDD: matches your academic profile; commonly chosen next by students with similar outcomes; popular among students with similar study patterns.
607052,2,CCC,0.3327,0.901,0.0079,0.3688,Content+Markov+CF,CCC: matches your academic profile; popular among students with similar study patterns.
607052,3,EEE,0.2444,0.973,1.0,0.1604,Content+Markov+CF,EEE: matches your academic profile; commonly chosen next by students with similar outcomes.
607060,1,CCC,0.1,0.0,1.0,0.0,Markov,CCC: commonly chosen next by students with similar outcomes.
607060,2,FFF,0.1,0.9757,1.0,0.0,Content+Markov,FFF: matches your academic profile; commonly chosen next by students with similar outcomes.
607060,3,DDD,0.0944,0.0,0.9444,0.0,Markov,DDD: commonly chosen next by students with similar outcomes.
607061,1,CCC,0.9036,0.8963,0.0357,1.0,Content+Markov+CF,CCC: matches your academic profile; popular among students with similar study patterns.
607061,2,FFF,0.3342,0.9308,0.75,0.288,Content+Markov+CF,FFF: matches your academic profile; commonly chosen next by students with similar outcomes.
607061,3,BBB,0.1993,0.9371,0.0357,0.2175,Content+Markov+CF,BBB: matches your academic profile.
607085,1,FFF,0.9956,0.9229,0.9556,1.0,Content+Markov+CF,FFF: matches your academic profile; commonly chosen next by students with similar outcomes; popular among students with similar study patterns.
607085,2,DDD,0.1,0.8897,1.0,0.0,Content+Markov,DDD: matches your academic profile; commonly chosen next by students with similar outcomes.
607085,3,AAA,0.0022,0.9676,0.0222,0.0,Content+Markov,AAA: matches your academic profile.
607143,1,CCC,0.9032,0.0,0.0323,1.0,Markov+CF,CCC: popular among students with similar study patterns.
607143,2,FFF,0.6502,0.9266,1.0,0.6113,Content+Markov+CF,FFF: matches your academic profile; commonly chosen next by students with similar outcomes; popular among students with similar study patterns.
607143,3,BBB,0.2682,0.9322,0.0323,0.2944,Content+Markov+CF,BBB: matches your academic profile.
607427,1,FFF,0.9446,1.0,0.4458,1.0,Content+Markov+CF,FFF: matches your academic profile; commonly chosen next by students with similar outcomes; popular among students with similar study patterns.
607427,2,EEE,0.1,0.9577,1.0,0.0,Content+Markov,EEE: matches your academic profile; commonly chosen next by students with similar outcomes.
607427,3,BBB,0.098,0.9841,0.0031,0.1085,Content+Markov+CF,BBB: matches your academic profile.
607442,1,FFF,1.0,1.0,1.0,1.0,Content+Markov+CF,FFF: matches your academic profile; commonly chosen next by students with similar outcomes; popular among students with similar study patterns.
607442,2,CCC,0.1,0.0,1.0,0.0,Markov,CCC: commonly chosen next by students with similar outcomes.
607442,3,DDD,0.0944,0.0,0.9444,0.0,Markov,DDD: commonly chosen next by students with similar outcomes.
607555,1,BBB,0.9007,0.9593,0.0073,1.0,Content+Markov+CF,BBB: matches your academic profile; popular among students with similar study patterns.
607555,2,FFF,0.6714,0.9569,0.2263,0.7209,Content+Markov+CF,FFF: matches your academic profile; popular among students with similar study patterns.
607555,3,CCC,0.2435,0.0,0.0073,0.2698,Markov+CF,CCC: recommended based on available signals.
607609,1,FFF,1.0,0.9933,1.0,1.0,Content+Markov+CF,FFF: matches your academic profile; commonly chosen next by students with similar outcomes; popular among students with similar study patterns.
607609,2,CCC,0.5092,0.0,1.0,0.4547,Markov+CF,CCC: commonly chosen next by students with similar outcomes; popular among students with similar study patterns.
607609,3,DDD,0.0944,0.0,0.9444,0.0,Markov,DDD: commonly chosen next by students with similar outcomes.
607636,1,FFF,0.9956,0.9241,0.9556,1.0,Content+Markov+CF,FFF: matches your academic profile; commonly chosen next by students with similar outcomes; popular among students with similar study patterns.
607636,2,GGG,0.2754,1.0,0.0222,0.3035,Content+Markov+CF,GGG: matches your academic profile; popular among students with similar study patterns.
607636,3,DDD,0.2474,0.0,1.0,0.1638,Markov+CF,DDD: commonly chosen next by students with similar outcomes.
607947,1,CCC,0.9042,0.8519,0.0417,1.0,Content+Markov+CF,CCC: matches your academic profile; popular among students with similar study patterns.
607947,2,DDD,0.1,0.8747,1.0,0.0,Content+Markov,DDD: matches your academic profile; commonly chosen next by students with similar outcomes.
607947,3,FFF,0.0875,0.9115,0.875,0.0,Content+Markov,FFF: matches your academic profile; commonly chosen next by students with similar outcomes.
608130,1,BBB,0.9007,0.9252,0.0069,1.0,Content+Markov+CF,BBB: matches your academic profile; popular among students with similar study patterns.
608130,2,CCC,0.7538,0.0,1.0,0.7265,Markov+CF,CCC: commonly chosen next by students with similar outcomes; popular among students with similar study patterns.
608130,3,DDD,0.2817,0.0,0.9444,0.2081,Markov+CF,DDD: commonly chosen next by students with similar outcomes.
608195,1,BBB,1.0,0.973,1.0,1.0,Content+Markov+CF,BBB: matches your academic profile; commonly chosen next by students with similar outcomes; popular among students with similar study patterns.
608195,2,DDD,0.0143,0.9348,0.1429,0.0,Content+Markov,DDD: matches your academic profile.
608195,3,EEE,0.0036,1.0,0.0357,0.0,Content+Markov,EEE: matches your academic profile.
608422,1,GGG,0.9008,1.0,0.0079,1.0,Content+Markov+CF,GGG: matches your academic profile; popular among students with similar study patterns.
608422,2,BBB,0.2528,0.9298,0.0079,0.28,Content+Markov+CF,BBB: matches your academic profile.
608422,3,EEE,0.1,0.9682,1.0,0.0,Content+Markov,EEE: matches your academic profile; commonly chosen next by students with similar outcomes.
608472,1,BBB,0.9032,0.9464,0.0323,1.0,Content+Markov+CF,BBB: matches your academic profile; popular among students with similar study patterns.
608472,2,FFF,0.7574,0.9402,1.0,0.7304,Content+Markov+CF,FFF: matches your academic profile; commonly chosen next by students with similar outcomes; popular among students with similar study patterns.
608472,3,DDD,0.0839,0.0,0.8387,0.0,Markov,DDD: commonly chosen next by students with similar outcomes.
608504,1,CCC,1.0,0.0,1.0,1.0,Markov+CF,CCC: commonly chosen next by students with similar outcomes; popular among students with similar study patterns.
608504,2,FFF,0.4815,0.9233,1.0,0.4239,Content+Markov+CF,FFF: matches your academic profile; commonly chosen next by students with similar outcomes; popular among students with similar study patterns.
608504,3,BBB,0.455,0.9225,0.0069,0.5048,Content+Markov+CF,BBB: matches your academic profile; popular among students with similar study patterns.
608643,1,CCC,0.9446,0.0,0.4458,1.0,Markov+CF,CCC: commonly chosen next by students with similar outcomes; popular among students with similar study patterns.
608643,2,FFF,0.5554,0.9816,0.4458,0.5676,Content+Markov+CF,FFF: matches your academic profile; commonly chosen next by students with similar outcomes; popular among students with similar study patterns.
608643,3,GGG,0.3322,0.968,0.0031,0.3688,Content+Markov+CF,GGG: matches your academic profile; popular among students with similar study patterns.
608669,1,CCC,0.1,0.0,1.0,0.0,Markov,CCC: commonly chosen next by students with similar outcomes.
608669,2,DDD,0.0052,0.0,0.0517,0.0,Markov,DDD: recommended based on available signals.
608669,3,EEE,0.0052,0.0,0.0517,0.0,Markov,EEE: recommended based on available signals.
608681,1,BBB,0.9007,0.936,0.0073,1.0,Content+Markov+CF,BBB: matches your academic profile; popular among students with similar study patterns.
608681,2,EEE,0.5824,0.9611,1.0,0.536,Content+Markov+CF,EEE: matches your academic profile; commonly chosen next by students with similar outcomes; popular among students with similar study patterns.
608681,3,CCC,0.4844,0.889,0.0073,0.5374,Content+Markov+CF,CCC: matches your academic profile; popular among students with similar study patterns.
608753,1,BBB,0.9007,0.9548,0.0073,1.0,Content+Markov+CF,BBB: matches your academic profile; popular among students with similar study patterns.
608753,2,GGG,0.7915,1.0,0.0073,0.8786,Content+Markov+CF,GGG: matches your academic profile; popular among students with similar study patterns.
608753,3,CCC,0.522,0.0,0.0073,0.5792,Markov+CF,CCC: popular among students with similar study patterns.
608983,1,EEE,0.1,1.0,1.0,0.0,Content+Markov,EEE: matches your academic profile; commonly chosen next by students with similar outcomes.
608983,2,CCC,0.0446,0.0,0.4458,0.0,Markov,CCC: commonly chosen next by students with similar outcomes.
608983,3,FFF,0.0446,0.9481,0.4458,0.0,Content+Markov,FFF: matches your academic profile; commonly chosen next by students with similar outcomes.
609031,1,CCC,0.9008,0.8905,0.0079,1.0,Content+Markov+CF,CCC: matches your academic profile; popular among students with similar study patterns.
609031,2,EEE,0.275,0.9702,1.0,0.1945,Content+Markov+CF,EEE: matches your academic profile; commonly chosen next by students with similar outcomes.
609031,3,FFF,0.2118,0.9378,0.3386,0.1977,Content+Markov+CF,FFF: matches your academic profile; commonly chosen next by students with similar outcomes.
609044,1,CCC,0.9446,0.0,0.4458,1.0,Markov+CF,CCC: commonly chosen next by students with similar outcomes; popular among students with similar study patterns.
609044,2,EEE,0.1,0.9987,1.0,0.0,Content+Markov,EEE: matches your academic profile; commonly chosen next by students with similar outcomes.
609044,3,FFF,0.0446,1.0,0.4458,0.0,Content+Markov,FFF: matches your academic profile; commonly chosen next by students with similar outcomes.
609192,1,CCC,1.0,0.0,1.0,1.0,Markov+CF,CCC: commonly chosen next by students with similar outcomes; popular among students with similar study patterns.
609192,2,BBB,0.5631,0.9606,0.0069,0.6249,Content+Markov+CF,BBB: matches your academic profile; popular among students with similar study patterns.
609192,3,FFF,0.235,0.9671,1.0,0.15,Content+Markov+CF,FFF: matches your academic profile; commonly chosen next by students with similar outcomes.
609403,1,BBB,0.9143,0.9649,0.1429,1.0,Content+Markov+CF,BBB: matches your academic profile; popular among students with similar study patterns.
609403,2,CCC,0.2043,0.9049,0.1429,0.2111,Content+Markov+CF,CCC: matches your academic profile.
609403,3,DDD,0.1,0.9234,1.0,0.0,Content+Markov,DDD: matches your academic profile; commonly chosen next by students with similar outcomes.
609527,1,CCC,1.0,0.0,1.0,1.0,Markov+CF,CCC: commonly chosen next by students with similar outcomes; popular among students with similar study patterns.
609527,2,FFF,0.2308,0.9129,1.0,0.1453,Content+Markov+CF,FFF: matches your academic profile; commonly chosen next by students with similar outcomes.
609527,3,DDD,0.2202,0.0,0.9444,0.1397,Markov+CF,DDD: commonly chosen next by students with similar outcomes.
609969,1,EEE,1.0,0.9612,1.0,1.0,Content+Markov+CF,EEE: matches your academic profile; commonly chosen next by students with similar outcomes; popular among students with similar study patterns.
609969,2,GGG,0.3586,1.0,0.0079,0.3976,Content+Markov+CF,GGG: matches your academic profile; popular among students with similar study patterns.
609969,3,CCC,0.0875,0.8721,0.0079,0.0963,Content+Markov+CF,CCC: matches your academic profile.
610099,1,EEE,1.0,0.9812,1.0,1.0,Content+Markov+CF,EEE: matches your academic profile; commonly chosen next by students with similar outcomes; popular among students with similar study patterns.
610099,2,CCC,0.4693,0.0,0.0079,0.5206,Markov+CF,CCC: popular among students with similar study patterns.
610099,3,GGG,0.3905,1.0,0.0079,0.433,Content+Markov+CF,GGG: matches your academic profile; popular among students with similar study patterns.
610279,1,FFF,0.9339,0.9325,0.3386,1.0,Content+Markov+CF,FFF: matches your academic profile; commonly chosen next by students with similar outcomes; popular among students with similar study patterns.
610279,2,EEE,0.1464,0.9748,1.0,0.0515,Content+Markov+CF,EEE: matches your academic profile; commonly chosen next by students with similar outcomes.
610279,3,CCC,0.1223,0.0,0.0079,0.135,Markov+CF,CCC: recommended based on available signals.
610537,1,GGG,0.9021,1.0,0.0213,1.0,Content+Markov+CF,GGG: matches your academic profile; popular among students with similar study patterns.
610537,2,BBB,0.8628,0.977,0.0426,0.9539,Content+Markov+CF,BBB: matches your academic profile; popular among students with similar study patterns.
610537,3,AAA,0.3794,0.9427,0.0213,0.4192,Content+Markov+CF,AAA: matches your academic profile; popular among students with similar study patterns.
610549,1,CCC,1.0,0.0,1.0,1.0,Markov+CF,CCC: commonly chosen next by students with similar outcomes; popular among students with similar study patterns.
610549,2,FFF,0.3795,0.9449,1.0,0.3105,Content+Markov+CF,FFF: matches your academic profile; commonly chosen next by students with similar outcomes; popular among students with similar study patterns.
610549,3,DDD,0.2514,0.0,0.9444,0.1744,Markov+CF,DDD: commonly chosen next by students with similar outcomes.
610577,1,DDD,0.919,0.0,0.1898,1.0,Markov+CF,DDD: popular among students with similar study patterns.
610577,2,CCC,0.9007,0.0,0.0073,1.0,Markov+CF,CCC: popular among students with similar study patterns.
610577,3,BBB,0.3047,0.9507,0.0073,0.3378,Content+Markov+CF,BBB: matches your academic profile; popular among students with similar study patterns.
610643,1,GGG,0.9008,1.0,0.0079,1.0,Content+Markov+CF,GGG: matches your academic profile; popular among students with similar study patterns.
610643,2,EEE,0.1,0.9615,1.0,0.0,Content+Markov,EEE: matches your academic profile; commonly chosen next by students with similar outcomes.
610643,3,DDD,0.0354,0.8858,0.3543,0.0,Content+Markov,DDD: matches your academic profile; commonly chosen next by students with similar outcomes.
610831,1,EEE,0.1,0.9933,1.0,0.0,Content+Markov,EEE: matches your academic profile; commonly chosen next by students with similar outcomes.
610831,2,CCC,0.0446,0.0,0.4458,0.0,Markov,CCC: commonly chosen next by students with similar outcomes.
610831,3,DDD,0.0421,0.0,0.4211,0.0,Markov,DDD: commonly chosen next by students with similar outcomes.
611033,1,CCC,1.0,0.8826,1.0,1.0,Content+Markov+CF,CCC: matches your academic profile; commonly chosen next by students with similar outcomes; popular among students with similar study patterns.
611033,2,DDD,0.4594,0.8403,0.9444,0.4055,Content+Markov+CF,DDD: matches your academic profile; commonly chosen next by students with similar outcomes; popular among students with similar study patterns.
611033,3,FFF,0.1572,0.8858,1.0,0.0636,Content+Markov+CF,FFF: matches your academic profile; commonly chosen next by students with similar outcomes.
611162,1,EEE,0.9003,0.975,0.0033,1.0,Content+Markov+CF,EEE: matches your academic profile; popular among students with similar study patterns.
611162,2,CCC,0.1,0.9089,1.0,0.0,Content+Markov,CCC: matches your academic profile; commonly chosen next by students with similar outcomes.
611162,3,FFF,0.0023,0.9445,0.0228,0.0,Content+Markov,FFF: matches your academic profile.
611241,1,CCC,0.9143,0.8943,0.1429,1.0,Content+Markov+CF,CCC: matches your academic profile; popular among students with similar study patterns.
611241,2,BBB,0.4894,0.957,0.1429,0.5279,Content+Markov+CF,BBB: matches your academic profile; popular among students with similar study patterns.
611241,3,FFF,0.2902,0.9501,0.4286,0.2748,Content+Markov+CF,FFF: matches your academic profile; commonly chosen next by students with similar outcomes.
611255,1,CCC,0.9022,0.8702,0.0222,1.0,Content+Markov+CF,CCC: matches your academic profile; popular among students with similar study patterns.
611255,2,DDD,0.4109,0.8944,1.0,0.3454,Content+Markov+CF,DDD: matches your academic profile; commonly chosen next by students with similar outcomes; popular among students with similar study patterns.
611255,3,GGG,0.2855,1.0,0.0222,0.3148,Content+Markov+CF,GGG: matches your academic profile; popular among students with similar study patterns.
611402,1,FFF,0.9956,0.9161,0.9556,1.0,Content+Markov+CF,FFF: matches your academic profile; commonly chosen next by students with similar outcomes; popular among students with similar study patterns.
611402,2,DDD,0.1,0.0,1.0,0.0,Markov,DDD: commonly chosen next by students with similar outcomes.
611402,3,CCC,0.0781,0.0,0.0222,0.0843,Markov+CF,CCC: recommended based on available signals.
612177,1,FFF,0.9352,0.9129,0.9556,0.9329,Content+Markov+CF,FFF: matches your academic profile; commonly chosen next by students with similar outcomes; popular among students with similar study patterns.
612177,2,CCC,0.9022,0.0,0.0222,1.0,Markov+CF,CCC: popular among students with similar study patterns.
612177,3,BBB,0.5239,0.9183,0.0222,0.5796,Content+Markov+CF,BBB: matches your academic profile; popular among students with similar study patterns.
612183,1,BBB,0.9022,0.9335,0.0222,1.0,Content+Markov+CF,BBB: matches your academic profile; popular among students with similar study patterns.
612183,2,FFF,0.3746,0.9286,0.9556,0.31,Content+Markov+CF,FFF: matches your academic profile; commonly chosen next by students with similar outcomes; popular among students with similar study patterns.
612183,3,CCC,0.1144,0.0,0.0222,0.1246,Markov+CF,CCC: recommended based on available signals.
612187,1,GGG,0.9022,1.0,0.0222,1.0,Content+Markov+CF,GGG: matches your academic profile; popular among students with similar study patterns.
612187,2,BBB,0.6336,0.9316,0.0222,0.7015,Content+Markov+CF,BBB: matches your academic profile; popular among students with similar study patterns.
612187,3,DDD,0.2164,0.0,1.0,0.1293,Markov+CF,DDD: commonly chosen next by students with similar outcomes.
925553,1,EEE,1.0,1.0,1.0,1.0,Content+Markov+CF,EEE: matches your academic profile; commonly chosen next by students with similar outcomes; popular among students with similar study patterns.
925553,2,BBB,0.8073,0.9705,0.0357,0.893,Content+Markov+CF,BBB: matches your academic profile; popular among students with similar study patterns.
925553,3,FFF,0.6105,0.9799,0.75,0.595,Content+Markov+CF,FFF: matches your academic profile; commonly chosen next by students with similar outcomes; popular among students with similar study patterns.
943374,1,DDD,0.9839,0.8727,0.8387,1.0,Content+Markov+CF,DDD: matches your academic profile; commonly chosen next by students with similar outcomes; popular among students with similar study patterns.
943374,2,FFF,0.1,0.9076,1.0,0.0,Content+Markov,FFF: matches your academic profile; commonly chosen next by students with similar outcomes.
943374,3,AAA,0.0032,0.9276,0.0323,0.0,Content+Markov,AAA: matches your academic profile.
1068316,1,CCC,0.9007,0.0,0.0073,1.0,Markov+CF,CCC: popular among students with similar study patterns.
1068316,2,EEE,0.1,0.9582,1.0,0.0,Content+Markov,EEE: matches your academic profile; commonly chosen next by students with similar outcomes.
1068316,3,FFF,0.0226,0.9158,0.2263,0.0,Content+Markov,FFF: matches your academic profile.
1073766,1,FFF,0.9956,0.9128,0.9556,1.0,Content+Markov+CF,FFF: matches your academic profile; commonly chosen next by students with similar outcomes; popular among students with similar study patterns.
1073766,2,DDD,0.1,0.8769,1.0,0.0,Content+Markov,DDD: matches your academic profile; commonly chosen next by students with similar outcomes.
1073766,3,AAA,0.0022,0.946,0.0222,0.0,Content+Markov,AAA: matches your academic profile.
1311171,1,CCC,0.9036,0.8721,0.0357,1.0,Content+Markov+CF,CCC: matches your academic profile; popular among students with similar study patterns.
1311171,2,EEE,0.1,0.9587,1.0,0.0,Content+Markov,EEE: matches your academic profile; commonly chosen next by students with similar outcomes.
1311171,3,FFF,0.075,0.9171,0.75,0.0,Content+Markov,FFF: matches your academic profile; commonly chosen next by students with similar outcomes.
1345808,1,CCC,0.9446,0.8895,0.4458,1.0,Content+Markov+CF,CCC: matches your academic profile; commonly chosen next by students with similar outcomes; popular among students with similar study patterns.
1345808,2,EEE,0.492,0.9473,1.0,0.4355,Content+Markov+CF,EEE: matches your academic profile; commonly chosen next by students with similar outcomes; popular among students with similar study patterns.
1345808,3,BBB,0.2493,0.8885,0.0031,0.2767,Content+Markov+CF,BBB: matches your academic profile.
1464952,1,DDD,0.9421,0.0,0.4211,1.0,Markov+CF,DDD: commonly chosen next by students with similar outcomes; popular among students with similar study patterns.
1464952,2,BBB,0.656,0.9861,0.0031,0.7286,Content+Markov+CF,BBB: matches your academic profile; popular among students with similar study patterns.
1464952,3,CCC,0.4447,0.0,0.4458,0.4446,Markov+CF,CCC: commonly chosen next by students with similar outcomes; popular among students with similar study patterns.
1470291,1,CCC,0.9008,0.0,0.0079,1.0,Markov+CF,CCC: popular among students with similar study patterns.
1470291,2,GGG,0.5786,1.0,0.0079,0.642,Content+Markov+CF,GGG: matches your academic profile; popular among students with similar study patterns.
1470291,3,EEE,0.3551,0.9754,1.0,0.2834,Content+Markov+CF,EEE: matches your academic profile; commonly chosen next by students with similar outcomes.
1482413,1,DDD,0.9766,0.0,0.766,1.0,Markov+CF,DDD: commonly chosen next by students with similar outcomes; popular among students with similar study patterns.
1482413,2,AAA,0.1443,0.9057,0.0213,0.158,Content+Markov+CF,AAA: matches your academic profile.
1482413,3,CCC,0.1,0.0,1.0,0.0,Markov,CCC: commonly chosen next by students with similar outcomes.
1532840,1,CCC,0.9446,0.9223,0.4458,1.0,Content+Markov+CF,CCC: matches your academic profile; commonly chosen next by students with similar outcomes; popular among students with similar study patterns.
1532840,2,GGG,0.8584,1.0,0.0031,0.9534,Content+Markov+CF,GGG: matches your academic profile; popular among students with similar study patterns.
1532840,3,EEE,0.6405,0.9666,1.0,0.6005,Content+Markov+CF,EEE: matches your academic profile; commonly chosen next by students with similar outcomes; popular among students with similar study patterns.
1541906,1,GGG,0.9007,0.9365,0.0069,1.0,Content+Markov+CF,GGG: matches your academic profile; popular among students with similar study patterns.
1541906,2,FFF,0.8569,1.0,1.0,0.841,Content+Markov+CF,FFF: matches your academic profile; commonly chosen next by students with similar outcomes; popular among students with similar study patterns.
1541906,3,CCC,0.735,0.0,1.0,0.7055,Markov+CF,CCC: commonly chosen next by students with similar outcomes; popular among students with similar study patterns.
1554143,1,BBB,0.9003,0.9234,0.0031,1.0,Content+Markov+CF,BBB: matches your academic profile; popular among students with similar study patterns.
1554143,2,EEE,0.7543,0.9514,1.0,0.727,Content+Markov+CF,EEE: matches your academic profile; commonly chosen next by students with similar outcomes; popular among students with similar study patterns.
1554143,3,DDD,0.6964,0.8902,0.4211,0.727,Content+Markov+CF,DDD: matches your academic profile; commonly chosen next by students with similar outcomes; popular among students with similar study patterns.
1559964,1,EEE,0.1,1.0,1.0,0.0,Content+Markov,EEE: matches your academic profile; commonly chosen next by students with similar outcomes.
1559964,2,CCC,0.0446,0.0,0.4458,0.0,Markov,CCC: commonly chosen next by students with similar outcomes.
1559964,3,DDD,0.0421,0.0,0.4211,0.0,Markov,DDD: commonly chosen next by students with similar outcomes.
1564630,1,FFF,0.9339,0.9465,0.3386,1.0,Content+Markov+CF,FFF: matches your academic profile; commonly chosen next by students with similar outcomes; popular among students with similar study patterns.
1564630,2,CCC,0.8372,0.0,0.0079,0.9294,Markov+CF,CCC: popular among students with similar study patterns.
1564630,3,EEE,0.3113,0.9794,1.0,0.2348,Content+Markov+CF,EEE: matches your academic profile; commonly chosen next by students with similar outcomes.
1592048,1,CCC,0.9036,0.0,0.0357,1.0,Markov+CF,CCC: popular among students with similar study patterns.
1592048,2,FFF,0.8881,0.9301,0.75,0.9034,Content+Markov+CF,FFF: matches your academic profile; commonly chosen next by students with similar outcomes; popular among students with similar study patterns.
1592048,3,BBB,0.7357,0.9251,0.0357,0.8135,Content+Markov+CF,BBB: matches your academic profile; popular among students with similar study patterns.
1668504,1,GGG,0.9003,0.9988,0.0031,1.0,Content+Markov+CF,GGG: matches your academic profile; popular among students with similar study patterns.
1668504,2,EEE,0.5524,1.0,1.0,0.5027,Content+Markov+CF,EEE: matches your academic profile; commonly chosen next by students with similar outcomes; popular among students with similar study patterns.
1668504,3,BBB,0.5503,0.9479,0.0031,0.6111,Content+Markov+CF,BBB: matches your academic profile; popular among students with similar study patterns.
1678800,1,EEE,0.966,0.9668,1.0,0.9622,Content+Markov+CF,EEE: matches your academic profile; commonly chosen next by students with similar outcomes; popular among students with similar study patterns.
1678800,2,CCC,0.9008,0.8912,0.0079,1.0,Content+Markov+CF,CCC: matches your academic profile; popular among students with similar study patterns.
1678800,3,FFF,0.0339,0.9304,0.3386,0.0,Content+Markov,FFF: matches your academic profile; commonly chosen next by students with similar outcomes.
1763186,1,DDD,0.9003,0.9531,0.0031,1.0,Content+Markov+CF,DDD: matches your academic profile; popular among students with similar study patterns.
1763186,2,AAA,0.166,0.9734,0.0031,0.1841,Content+Markov+CF,AAA: matches your academic profile.
1763186,3,CCC,0.1,0.9661,1.0,0.0,Content+Markov,CCC: matches your academic profile; commonly chosen next by students with similar outcomes.
1781834,1,CCC,0.9022,0.8852,0.0222,1.0,Content+Markov+CF,CCC: matches your academic profile; popular among students with similar study patterns.
1781834,2,DDD,0.195,0.8952,1.0,0.1055,Content+Markov+CF,DDD: matches your academic profile; commonly chosen next by students with similar outcomes.
1781834,3,FFF,0.0956,0.9269,0.9556,0.0,Content+Markov,FFF: matches your academic profile; commonly chosen next by students with similar outcomes.
1864086,1,CCC,0.9342,0.0,0.4458,0.9885,Markov+CF,CCC: commonly chosen next by students with similar outcomes; popular among students with similar study patterns.
1864086,2,BBB,0.9003,0.9208,0.0031,1.0,Content+Markov+CF,BBB: matches your academic profile; popular among students with similar study patterns.
1864086,3,GGG,0.2002,1.0,0.0031,0.2221,Content+Markov+CF,GGG: matches your academic profile.
1877732,1,BBB,0.9003,0.9743,0.0031,1.0,Content+Markov+CF,BBB: matches your academic profile; popular among students with similar study patterns.
1877732,2,EEE,0.1,1.0,1.0,0.0,Content+Markov,EEE: matches your academic profile; commonly chosen next by students with similar outcomes.
1877732,3,CCC,0.0446,0.0,0.4458,0.0,Markov,CCC: commonly chosen next by students with similar outcomes.
1896088,1,CCC,0.9032,0.0,0.0323,1.0,Markov+CF,CCC: popular among students with similar study patterns.
1896088,2,DDD,0.4014,0.0,0.8387,0.3528,Markov+CF,DDD: commonly chosen next by students with similar outcomes; popular among students with similar study patterns.
1896088,3,FFF,0.3653,0.9465,1.0,0.2948,Content+Markov+CF,FFF: matches your academic profile; commonly chosen next by students with similar outcomes.
1902240,1,CCC,0.9022,0.8705,0.0222,1.0,Content+Markov+CF,CCC: matches your academic profile; popular among students with similar study patterns.
1902240,2,DDD,0.1,0.8944,1.0,0.0,Content+Markov,DDD: matches your academic profile; commonly chosen next by students with similar outcomes.
1902240,3,FFF,0.0956,0.926,0.9556,0.0,Content+Markov,FFF: matches your academic profile; commonly chosen next by students with similar outcomes.
1930644,1,CCC,1.0,0.0,1.0,1.0,Markov+CF,CCC: commonly chosen next by students with similar outcomes; popular among students with similar study patterns.
1930644,2,FFF,0.8919,0.9905,1.0,0.8799,Content+Markov+CF,FFF: matches your academic profile; commonly chosen next by students with similar outcomes; popular among students with similar study patterns.
1930644,3,DDD,0.2151,0.0,0.9444,0.1341,Markov+CF,DDD: commonly chosen next by students with similar outcomes.
1930949,1,CCC,0.9446,0.0,0.4458,1.0,Markov+CF,CCC: commonly chosen next by students with similar outcomes; popular among students with similar study patterns.
1930949,2,BBB,0.1437,0.9959,0.0031,0.1593,Content+Markov+CF,BBB: matches your academic profile.
1930949,3,EEE,0.1,1.0,1.0,0.0,Content+Markov,EEE: matches your academic profile; commonly chosen next by students with similar outcomes.
1945240,1,GGG,0.9003,0.9959,0.0031,1.0,Content+Markov+CF,GGG: matches your academic profile; popular among students with similar study patterns.
1945240,2,CCC,0.4421,0.0,0.4458,0.4417,Markov+CF,CCC: commonly chosen next by students with similar outcomes; popular among students with similar study patterns.
1945240,3,BBB,0.3077,0.9673,0.0031,0.3416,Content+Markov+CF,BBB: matches your academic profile; popular among students with similar study patterns.
1981053,1,GGG,0.9003,0.9393,0.0027,1.0,Content+Markov+CF,GGG: matches your academic profile; popular among students with similar study patterns.
1981053,2,CCC,0.6538,0.0,0.1538,0.7094,Markov+CF,CCC: popular among students with similar study patterns.
1981053,3,DDD,0.5321,0.0,1.0,0.4801,Markov+CF,DDD: commonly chosen next by students with similar outcomes; popular among students with similar study patterns.
1997164,1,CCC,0.9008,0.8785,0.0079,1.0,Content+Markov+CF,CCC: matches your academic profile; popular among students with similar study patterns.
1997164,2,BBB,0.5823,0.9155,0.0079,0.6461,Content+Markov+CF,BBB: matches your academic profile; popular among students with similar study patterns.
1997164,3,EEE,0.1,0.9569,1.0,0.0,Content+Markov,EEE: matches your academic profile; commonly chosen next by students with similar outcomes.
2020916,1,EEE,1.0,0.9559,1.0,1.0,Content+Markov+CF,EEE: matches your academic profile; commonly chosen next by students with similar outcomes; popular among students with similar study patterns.
2020916,2,CCC,0.7508,0.0,0.0079,0.8333,Markov+CF,CCC: popular among students with similar study patterns.
2020916,3,FFF,0.0339,0.9152,0.3386,0.0,Content+Markov,FFF: matches your academic profile; commonly chosen next by students with similar outcomes.
2039190,1,AAA,0.9003,0.9664,0.0031,1.0,Content+Markov+CF,AAA: matches your academic profile; popular among students with similar study patterns.
2039190,2,CCC,0.1862,0.0,0.4458,0.1573,Markov+CF,CCC: commonly chosen next by students with similar outcomes.
2039190,3,BBB,0.174,0.9714,0.0031,0.193,Content+Markov+CF,BBB: matches your academic profile.
2063578,1,CCC,0.9036,0.8704,0.0357,1.0,Content+Markov+CF,CCC: matches your academic profile; popular among students with similar study patterns.
2063578,2,EEE,0.528,0.9628,1.0,0.4756,Content+Markov+CF,EEE: matches your academic profile; commonly chosen next by students with similar outcomes; popular among students with similar study patterns.
2063578,3,GGG,0.1633,1.0,0.0357,0.1775,Content+Markov+CF,GGG: matches your academic profile.
2080916,1,DDD,0.9115,0.8476,0.1154,1.0,Content+Markov+CF,DDD: matches your academic profile; popular among students with similar study patterns.
2080916,2,CCC,0.1,0.9443,1.0,0.0,Content+Markov,CCC: matches your academic profile; commonly chosen next by students with similar outcomes.
2080916,3,EEE,0.0942,0.0,0.9423,0.0,Markov,EEE: commonly chosen next by students with similar outcomes.
2088765,1,BBB,0.9008,0.9286,0.0079,1.0,Content+Markov+CF,BBB: matches your academic profile; popular among students with similar study patterns.
2088765,2,FFF,0.5352,0.9216,0.3386,0.5571,Content+Markov+CF,FFF: matches your academic profile; commonly chosen next by students with similar outcomes; popular among students with similar study patterns.
2088765,3,GGG,0.3897,1.0,0.0079,0.4321,Content+Markov+CF,GGG: matches your academic profile; popular among students with similar study patterns.
2094849,1,CCC,0.1,0.0,1.0,0.0,Markov,CCC: commonly chosen next by students with similar outcomes.
2094849,2,FFF,0.1,0.9477,1.0,0.0,Content+Markov,FFF: matches your academic profile; commonly chosen next by students with similar outcomes.
2094849,3,DDD,0.0944,0.0,0.9444,0.0,Markov,DDD: commonly chosen next by students with similar outcomes.
2109119,1,CCC,0.9022,0.8729,0.0222,1.0,Content+Markov+CF,CCC: matches your academic profile; popular among students with similar study patterns.
2109119,2,DDD,0.7198,0.8773,1.0,0.6887,Content+Markov+CF,DDD: matches your academic profile; commonly chosen next by students with similar outcomes; popular among students with similar study patterns.
2109119,3,BBB,0.1229,0.9206,0.0222,0.1341,Content+Markov+CF,BBB: matches your academic profile.
2134237,1,CCC,0.9032,0.0,0.0323,1.0,Markov+CF,CCC: popular among students with similar study patterns.
2134237,2,BBB,0.425,0.9465,0.0323,0.4686,Content+Markov+CF,BBB: matches your academic profile; popular among students with similar study patterns.
2134237,3,FFF,0.3524,0.9423,1.0,0.2804,Content+Markov+CF,FFF: matches your academic profile; commonly chosen next by students with similar outcomes.
2134304,1,FFF,1.0,0.9504,1.0,1.0,Content+Markov+CF,FFF: matches your academic profile; commonly chosen next by students with similar outcomes; popular among students with similar study patterns.
2134304,2,CCC,0.222,0.0,0.0323,0.2431,Markov+CF,CCC: recommended based on available signals.
2134304,3,BBB,0.1569,0.9567,0.0323,0.1708,Content+Markov+CF,BBB: matches your academic profile.
2137171,1,DDD,0.9354,0.8839,0.3543,1.0,Content+Markov+CF,DDD: matches your academic profile; commonly chosen next by students with similar outcomes; popular among students with similar study patterns.
2137171,2,EEE,0.8331,0.9608,1.0,0.8146,Content+Markov+CF,EEE: matches your academic profile; commonly chosen next by students with similar outcomes; popular among students with similar study patterns.
2137171,3,GGG,0.761,1.0,0.0079,0.8447,Content+Markov+CF,GGG: matches your academic profile; popular among students with similar study patterns.
2138146,1,DDD,0.9944,0.0,0.9444,1.0,Markov+CF,DDD: commonly chosen next by students with similar outcomes; popular among students with similar study patterns.
2138146,2,CCC,0.1,0.0,1.0,0.0,Markov,CCC: commonly chosen next by students with similar outcomes.
2138146,3,FFF,0.1,0.9815,1.0,0.0,Content+Markov,FFF: matches your academic profile; commonly chosen next by students with similar outcomes.
2139037,1,BBB,0.9036,0.9205,0.0357,1.0,Content+Markov+CF,BBB: matches your academic profile; popular among students with similar study patterns.
2139037,2,GGG,0.2046,1.0,0.0357,0.2234,Content+Markov+CF,GGG: matches your academic profile.
2139037,3,EEE,0.1,0.957,1.0,0.0,Content+Markov,EEE: matches your academic profile; commonly chosen next by students with similar outcomes.
2146277,1,BBB,0.9008,0.9367,0.0079,1.0,Content+Markov+CF,BBB: matches your academic profile; popular among students with similar study patterns.
2146277,2,EEE,0.2464,0.9673,1.0,0.1627,Content+Markov+CF,EEE: matches your academic profile; commonly chosen next by students with similar outcomes.
2146277,3,DDD,0.0354,0.9003,0.3543,0.0,Content+Markov,DDD: matches your academic profile; commonly chosen next by students with similar outcomes.
2171834,1,BBB,0.9022,0.9551,0.0222,1.0,Content+Markov+CF,BBB: matches your academic profile; popular among students with similar study patterns.
2171834,2,DDD,0.1,0.0,1.0,0.0,Markov,DDD: commonly chosen next by students with similar outcomes.
2171834,3,FFF,0.0956,0.9533,0.9556,0.0,Content+Markov,FFF: matches your academic profile; commonly chosen next by students with similar outcomes.
2182333,1,CCC,0.9446,0.0,0.4458,1.0,Markov+CF,CCC: commonly chosen next by students with similar outcomes; popular among students with similar study patterns.
2182333,2,BBB,0.7083,0.9588,0.0031,0.7867,Content+Markov+CF,BBB: matches your academic profile; popular among students with similar study patterns.
2182333,3,GGG,0.3797,0.9805,0.0031,0.4215,Content+Markov+CF,GGG: matches your academic profile; popular among students with similar study patterns.
2198356,1,CCC,0.1,0.0,1.0,0.0,Markov,CCC: commonly chosen next by students with similar outcomes.
2198356,2,FFF,0.1,0.9865,1.0,0.0,Content+Markov,FFF: matches your academic profile; commonly chosen next by students with similar outcomes.
2198356,3,DDD,0.0944,0.0,0.9444,0.0,Markov,DDD: commonly chosen next by students with similar outcomes.
2202076,1,CCC,0.9446,0.0,0.4458,1.0,Markov+CF,CCC: commonly chosen next by students with similar outcomes; popular among students with similar study patterns.
2202076,2,EEE,0.3738,1.0,1.0,0.3042,Content+Markov+CF,EEE: matches your academic profile; commonly chosen next by students with similar outcomes; popular among students with similar study patterns.
2202076,3,FFF,0.0446,0.9664,0.4458,0.0,Content+Markov,FFF: matches your academic profile; commonly chosen next by students with similar outcomes.
2221869,1,FFF,0.9036,0.9458,0.0357,1.0,Content+Markov+CF,FFF: matches your academic profile; popular among students with similar study patterns.
2221869,2,BBB,0.1,0.9472,1.0,0.0,Content+Markov,BBB: matches your academic profile; commonly chosen next by students with similar outcomes.
2221869,3,EEE,0.0036,0.9581,0.0357,0.0,Content+Markov,EEE: matches your academic profile.
2252437,1,CCC,1.0,0.0,1.0,1.0,Markov+CF,CCC: commonly chosen next by students with similar outcomes; popular among students with similar study patterns.
2252437,2,DDD,0.4824,0.0,0.9444,0.4311,Markov+CF,DDD: commonly chosen next by students with similar outcomes; popular among students with similar study patterns.
2252437,3,GGG,0.418,1.0,0.0069,0.4637,Content+Markov+CF,GGG: matches your academic profile; popular among students with similar study patterns.
2327472,1,CCC,0.9008,0.8596,0.0079,1.0,Content+Markov+CF,CCC: matches your academic profile; popular among students with similar study patterns.
2327472,2,EEE,0.1,0.9552,1.0,0.0,Content+Markov,EEE: matches your academic profile; commonly chosen next by students with similar outcomes.
2327472,3,FFF,0.0339,0.9007,0.3386,0.0,Content+Markov,FFF: matches your academic profile; commonly chosen next by students with similar outcomes.
2340230,1,EEE,0.9942,0.9809,0.9423,1.0,Content+Markov+CF,EEE: matches your academic profile; commonly chosen next by students with similar outcomes; popular among students with similar study patterns.
2340230,2,FFF,0.1831,0.9451,0.1731,0.1842,Content+Markov+CF,FFF: matches your academic profile.
2340230,3,CCC,0.1,0.9704,1.0,0.0,Content+Markov,CCC: matches your academic profile; commonly chosen next by students with similar outcomes.
2340786,1,CCC,0.9036,0.8506,0.0357,1.0,Content+Markov+CF,CCC: matches your academic profile; popular among students with similar study patterns.
2340786,2,GGG,0.3276,1.0,0.0357,0.36,Content+Markov+CF,GGG: matches your academic profile; popular among students with similar study patterns.
2340786,3,FFF,0.2763,0.9148,0.75,0.2237,Content+Markov+CF,FFF: matches your academic profile; commonly chosen next by students with similar outcomes.
2358707,1,FFF,0.9446,0.9304,0.4458,1.0,Content+Markov+CF,FFF: matches your academic profile; commonly chosen next by students with similar outcomes; popular among students with similar study patterns.
2358707,2,CCC,0.9438,1.0,0.4458,0.9991,Content+Markov+CF,CCC: matches your academic profile; commonly chosen next by students with similar outcomes; popular among students with similar study patterns.
2358707,3,EEE,0.5072,0.9414,1.0,0.4525,Content+Markov+CF,EEE: matches your academic profile; commonly chosen next by students with similar outcomes; popular among students with similar study patterns.
2377769,1,AAA,0.9003,0.8717,0.0031,1.0,Content+Markov+CF,AAA: matches your academic profile; popular among students with similar study patterns.
2377769,2,EEE,0.1,0.9628,1.0,0.0,Content+Markov,EEE: matches your academic profile; commonly chosen next by students with similar outcomes.
2377769,3,CCC,0.0446,0.0,0.4458,0.0,Markov,CCC: commonly chosen next by students with similar outcomes.
2383036,1,AAA,0.9003,0.9195,0.0031,1.0,Content+Markov+CF,AAA: matches your academic profile; popular among students with similar study patterns.
2383036,2,FFF,0.3428,0.9636,0.4458,0.3314,Content+Markov+CF,FFF: matches your academic profile; commonly chosen next by students with similar outcomes; popular among students with similar study patterns.
2383036,3,GGG,0.1452,0.9897,0.0031,0.161,Content+Markov+CF,GGG: matches your academic profile.
2388623,1,FFF,0.9226,0.9236,0.2263,1.0,Content+Markov+CF,FFF: matches your academic profile; popular among students with similar study patterns.
2388623,2,GGG,0.503,1.0,0.0073,0.5581,Content+Markov+CF,GGG: matches your academic profile; popular among students with similar study patterns.
2388623,3,BBB,0.4124,0.9302,0.0073,0.4574,Content+Markov+CF,BBB: matches your academic profile; popular among students with similar study patterns.
2411981,1,CCC,0.9137,0.0,0.1374,1.0,Markov+CF,CCC: popular among students with similar study patterns.
2411981,2,FFF,0.6486,1.0,1.0,0.6095,Content+Markov+CF,FFF: matches your academic profile; commonly chosen next by students with similar outcomes; popular among students with similar study patterns.
2411981,3,BBB,0.4883,0.9853,0.016,0.5408,Content+Markov+CF,BBB: matches your academic profile; popular among students with similar study patterns.
2418732,1,DDD,1.0,0.8769,1.0,1.0,Content+Markov+CF,DDD: matches your academic profile; commonly chosen next by students with similar outcomes; popular among students with similar study patterns.
2418732,2,BBB,0.2852,0.9205,0.0417,0.3123,Content+Markov+CF,BBB: matches your academic profile; popular among students with similar study patterns.
2418732,3,FFF,0.0875,0.9128,0.875,0.0,Content+Markov,FFF: matches your academic profile; commonly chosen next by students with similar outcomes.
2421961,1,BBB,0.9007,0.9448,0.0073,1.0,Content+Markov+CF,BBB: matches your academic profile; popular among students with similar study patterns.
2421961,2,CCC,0.2854,0.0,0.0073,0.3163,Markov+CF,CCC: popular among students with similar study patterns.
2421961,3,EEE,0.1,0.9802,1.0,0.0,Content+Markov,EEE: matches your academic profile; commonly chosen next by students with similar outcomes.
2439239,1,CCC,0.9446,0.0,0.4458,1.0,Markov+CF,CCC: commonly chosen next by students with similar outcomes; popular among students with similar study patterns.
2439239,2,GGG,0.7796,1.0,0.0031,0.8659,Content+Markov+CF,GGG: matches your academic profile; popular among students with similar study patterns.
2439239,3,EEE,0.1,0.9493,1.0,0.0,Content+Markov,EEE: matches your academic profile; commonly chosen next by students with similar outcomes.
2451726,1,BBB,0.9007,0.942,0.0069,1.0,Content+Markov+CF,BBB: matches your academic profile; popular among students with similar study patterns.
2451726,2,GGG,0.4952,0.9544,0.0069,0.5495,Content+Markov+CF,GGG: matches your academic profile; popular among students with similar study patterns.
2451726,3,CCC,0.1,0.0,1.0,0.0,Markov,CCC: commonly chosen next by students with similar outcomes.
2454878,1,BBB,0.9007,0.9608,0.0073,1.0,Content+Markov+CF,BBB: matches your academic profile; popular among students with similar study patterns.
2454878,2,DDD,0.6435,0.0,0.1898,0.6939,Markov+CF,DDD: popular among students with similar study patterns.
2454878,3,CCC,0.6097,0.0,0.0073,0.6766,Markov+CF,CCC: popular among students with similar study patterns.
2464683,1,DDD,1.0,0.0,1.0,1.0,Markov+CF,DDD: commonly chosen next by students with similar outcomes; popular among students with similar study patterns.
2464683,2,CCC,0.8947,0.0,0.1538,0.977,Markov+CF,CCC: popular among students with similar study patterns.
2464683,3,EEE,0.6607,0.9865,0.0302,0.7308,Content+Markov+CF,EEE: matches your academic profile; popular among students with similar study patterns.
2469688,1,EEE,1.0,0.9617,1.0,1.0,Content+Markov+CF,EEE: matches your academic profile; commonly chosen next by students with similar outcomes; popular among students with similar study patterns.
2469688,2,DDD,0.0354,0.8904,0.3543,0.0,Content+Markov,DDD: matches your academic profile; commonly chosen next by students with similar outcomes.
2469688,3,AAA,0.0008,0.9658,0.0079,0.0,Content+Markov,AAA: matches your academic profile.
2485655,1,FFF,1.0,0.8978,1.0,1.0,Content+Markov+CF,FFF: matches your academic profile; commonly chosen next by students with similar outcomes; popular among students with similar study patterns.
2485655,2,CCC,0.7896,0.0,1.0,0.7662,Markov+CF,CCC: commonly chosen next by students with similar outcomes; popular among students with similar study patterns.
2485655,3,DDD,0.0944,0.0,0.9444,0.0,Markov,DDD: commonly chosen next by students with similar outcomes.
2486769,1,FFF,0.9226,0.9253,0.2263,1.0,Content+Markov+CF,FFF: matches your academic profile; popular among students with similar study patterns.
2486769,2,CCC,0.4053,0.0,0.0073,0.4495,Markov+CF,CCC: popular among students with similar study patterns.
2486769,3,BBB,0.129,0.9305,0.0073,0.1425,Content+Markov+CF,BBB: matches your academic profile.
2522932,1,EEE,0.1,0.9804,1.0,0.0,Content+Markov,EEE: matches your academic profile; commonly chosen next by students with similar outcomes.
2522932,2,FFF,0.0226,1.0,0.2263,0.0,Content+Markov,FFF: matches your academic profile.
2522932,3,AAA,0.0007,0.8682,0.0073,0.0,Content+Markov,AAA: matches your academic profile.
2524572,1,CCC,0.9446,0.0,0.4458,1.0,Markov+CF,CCC: commonly chosen next by students with similar outcomes; popular among students with similar study patterns.
2524572,2,EEE,0.875,0.996,1.0,0.8611,Content+Markov+CF,EEE: matches your academic profile; commonly chosen next by students with similar outcomes; popular among students with similar study patterns.
2524572,3,DDD,0.2333,0.0,0.4211,0.2124,Markov+CF,DDD: commonly chosen next by students with similar outcomes.
2545113,1,FFF,0.9339,0.8906,0.3386,1.0,Content+Markov+CF,FFF: matches your academic profile; commonly chosen next by students with similar outcomes; popular among students with similar study patterns.
2545113,2,CCC,0.8806,0.8822,0.0079,0.9776,Content+Markov+CF,CCC: matches your academic profile; popular among students with similar study patterns.
2545113,3,BBB,0.7344,0.8994,0.0079,0.8151,Content+Markov+CF,BBB: matches your academic profile; popular among students with similar study patterns.
2554973,1,FFF,0.9446,1.0,0.4458,1.0,Content+Markov+CF,FFF: matches your academic profile; commonly chosen next by students with similar outcomes; popular among students with similar study patterns.
2554973,2,GGG,0.1597,0.9157,0.0031,0.1771,Content+Markov+CF,GGG: matches your academic profile.
2554973,3,EEE,0.1,0.9694,1.0,0.0,Content+Markov,EEE: matches your academic profile; commonly chosen next by students with similar outcomes.
2555596,1,FFF,0.9446,0.9111,0.4458,1.0,Content+Markov+CF,FFF: matches your academic profile; commonly chosen next by students with similar outcomes; popular among students with similar study patterns.
2555596,2,EEE,0.1,0.9793,1.0,0.0,Content+Markov,EEE: matches your academic profile; commonly chosen next by students with similar outcomes.
2555596,3,CCC,0.0446,0.0,0.4458,0.0,Markov,CCC: commonly chosen next by students with similar outcomes.
2564333,1,FFF,1.0,0.9243,1.0,1.0,Content+Markov+CF,FFF: matches your academic profile; commonly chosen next by students with similar outcomes; popular among students with similar study patterns.
2564333,2,CCC,0.6964,0.0,1.0,0.6627,Markov+CF,CCC: commonly chosen next by students with similar outcomes; popular among students with similar study patterns.
2564333,3,GGG,0.3656,1.0,0.0069,0.4054,Content+Markov+CF,GGG: matches your academic profile; popular among students with similar study patterns.
2569834,1,CCC,1.0,0.0,1.0,1.0,Markov+CF,CCC: commonly chosen next by students with similar outcomes; popular among students with similar study patterns.
2569834,2,DDD,0.8808,0.0,0.9444,0.8737,Markov+CF,DDD: commonly chosen next by students with similar outcomes; popular among students with similar study patterns.
2569834,3,FFF,0.1,0.925,1.0,0.0,Content+Markov,FFF: matches your academic profile; commonly chosen next by students with similar outcomes.
2576298,1,CCC,0.9446,0.0,0.4458,1.0,Markov+CF,CCC: commonly chosen next by students with similar outcomes; popular among students with similar study patterns.
2576298,2,EEE,0.1,1.0,1.0,0.0,Content+Markov,EEE: matches your academic profile; commonly chosen next by students with similar outcomes.
2576298,3,FFF,0.0446,0.998,0.4458,0.0,Content+Markov,FFF: matches your academic profile; commonly chosen next by students with similar outcomes.
2588201,1,DDD,1.0,0.8963,1.0,1.0,Content+Markov+CF,DDD: matches your academic profile; commonly chosen next by students with similar outcomes; popular among students with similar study patterns.
2588201,2,FFF,0.4249,0.9274,0.9556,0.3659,Content+Markov+CF,FFF: matches your academic profile; commonly chosen next by students with similar outcomes; popular among students with similar study patterns.
2588201,3,AAA,0.4091,0.9744,0.0222,0.4521,Content+Markov+CF,AAA: matches your academic profile; popular among students with similar study patterns.
2602264,1,BBB,0.9036,0.9405,0.0357,1.0,Content+Markov+CF,BBB: matches your academic profile; popular among students with similar study patterns.
2602264,2,CCC,0.1317,0.9133,0.0357,0.1424,Content+Markov+CF,CCC: matches your academic profile.
2602264,3,EEE,0.1,0.9718,1.0,0.0,Content+Markov,EEE: matches your academic profile; commonly chosen next by students with similar outcomes.
2604856,1,GGG,0.9007,0.9135,0.0069,1.0,Content+Markov+CF,GGG: matches your academic profile; popular among students with similar study patterns.
2604856,2,CCC,0.6295,0.0,1.0,0.5883,Markov+CF,CCC: commonly chosen next by students with similar outcomes; popular among students with similar study patterns.
2604856,3,FFF,0.6295,1.0,1.0,0.5883,Content+Markov+CF,FFF: matches your academic profile; commonly chosen next by students with similar outcomes; popular among students with similar study patterns.
2615849,1,BBB,0.9007,0.9817,0.0069,1.0,Content+Markov+CF,BBB: matches your academic profile; popular among students with similar study patterns.
2615849,2,CCC,0.1,0.0,1.0,0.0,Markov,CCC: commonly chosen next by students with similar outcomes.
2615849,3,FFF,0.1,0.9906,1.0,0.0,Content+Markov,FFF: matches your academic profile; commonly chosen next by students with similar outcomes.
2617635,1,CCC,0.9032,0.0,0.0323,1.0,Markov+CF,CCC: popular among students with similar study patterns.
2617635,2,FFF,0.3722,0.9429,1.0,0.3025,Content+Markov+CF,FFF: matches your academic profile; commonly chosen next by students with similar outcomes; popular among students with similar study patterns.
2617635,3,DDD,0.3527,0.0,0.8387,0.2987,Markov+CF,DDD: commonly chosen next by students with similar outcomes.
2619025,1,GGG,0.9022,1.0,0.0222,1.0,Content+Markov+CF,GGG: matches your academic profile; popular among students with similar study patterns.
2619025,2,CCC,0.5813,0.8777,0.0222,0.6434,Content+Markov+CF,CCC: matches your academic profile; popular among students with similar study patterns.
2619025,3,DDD,0.4421,0.8936,1.0,0.3801,Content+Markov+CF,DDD: matches your academic profile; commonly chosen next by students with similar outcomes; popular among students with similar study patterns.
2623427,1,BBB,0.9007,0.9365,0.0073,1.0,Content+Markov+CF,BBB: matches your academic profile; popular among students with similar study patterns.
2623427,2,GGG,0.213,1.0,0.0073,0.2359,Content+Markov+CF,GGG: matches your academic profile.
2623427,3,CCC,0.1431,0.0,0.0073,0.1582,Markov+CF,CCC: recommended based on available signals.
2634238,1,CCC,0.9032,0.0,0.0323,1.0,Markov+CF,CCC: popular among students with similar study patterns.
2634238,2,FFF,0.1,0.9433,1.0,0.0,Content+Markov,FFF: matches your academic profile; commonly chosen next by students with similar outcomes.
2634238,3,DDD,0.0839,0.0,0.8387,0.0,Markov,DDD: commonly chosen next by students with similar outcomes.
2639310,1,BBB,0.9008,0.934,0.0079,1.0,Content+Markov+CF,BBB: matches your academic profile; popular among students with similar study patterns.
2639310,2,EEE,0.7622,0.9656,1.0,0.7358,Content+Markov+CF,EEE: matches your academic profile; commonly chosen next by students with similar outcomes; popular among students with similar study patterns.
2639310,3,FFF,0.0339,0.9275,0.3386,0.0,Content+Markov,FFF: matches your academic profile; commonly chosen next by students with similar outcomes.
2650741,1,CCC,0.9007,0.8551,0.0073,1.0,Content+Markov+CF,CCC: matches your academic profile; popular among students with similar study patterns.
2650741,2,FFF,0.1864,0.9094,0.2263,0.182,Content+Markov+CF,FFF: matches your academic profile.
2650741,3,EEE,0.16,0.9455,1.0,0.0667,Content+Markov+CF,EEE: matches your academic profile; commonly chosen next by students with similar outcomes.
2677097,1,EEE,0.1,1.0,1.0,0.0,Content+Markov,EEE: matches your academic profile; commonly chosen next by students with similar outcomes.
2677097,2,CCC,0.0446,0.0,0.4458,0.0,Markov,CCC: commonly chosen next by students with similar outcomes.
2677097,3,FFF,0.0446,0.9795,0.4458,0.0,Content+Markov,FFF: matches your academic profile; commonly chosen next by students with similar outcomes.
2681198,1,EEE,0.9016,0.983,0.016,1.0,Content+Markov+CF,EEE: matches your academic profile; popular among students with similar study patterns.
2681198,2,CCC,0.2537,0.9687,1.0,0.1708,Content+Markov+CF,CCC: matches your academic profile; commonly chosen next by students with similar outcomes.
2681198,3,BBB,0.0637,0.9657,0.0106,0.0696,Content+Markov+CF,BBB: matches your academic profile.
2686074,1,EEE,1.0,1.0,1.0,1.0,Content+Markov+CF,EEE: matches your academic profile; commonly chosen next by students with similar outcomes; popular among students with similar study patterns.
2686074,2,BBB,0.4303,0.9856,0.0031,0.4778,Content+Markov+CF,BBB: matches your academic profile; popular among students with similar study patterns.
2686074,3,CCC,0.0446,0.0,0.4458,0.0,Markov,CCC: commonly chosen next by students with similar outcomes.
2691780,1,EEE,0.1,0.9756,1.0,0.0,Content+Markov,EEE: matches your academic profile; commonly chosen next by students with similar outcomes.
2691780,2,CCC,0.0446,0.0,0.4458,0.0,Markov,CCC: commonly chosen next by students with similar outcomes.
2691780,3,FFF,0.0446,1.0,0.4458,0.0,Content+Markov,FFF: matches your academic profile; commonly chosen next by students with similar outcomes.
